--------------------------------------------------------
--  File created - Sunday-August-02-2020   
--------------------------------------------------------
--------------------------------------------------------
--  DDL for Sequence USUARIO_SEQ
--------------------------------------------------------

   CREATE SEQUENCE  "COFFEEJAVA"."USUARIO_SEQ"  MINVALUE 1 MAXVALUE 9999999999999999999999999999 INCREMENT BY 1 START WITH 41 CACHE 20 NOORDER  NOCYCLE ;
--------------------------------------------------------
--  DDL for Sequence TPERSONA_SEQ
--------------------------------------------------------

   CREATE SEQUENCE  "COFFEEJAVA"."TPERSONA_SEQ"  MINVALUE 1 MAXVALUE 9999999999999999999999999999 INCREMENT BY 1 START WITH 41 CACHE 20 NOORDER  NOCYCLE ;
--------------------------------------------------------
--  DDL for Sequence TCONTRATO_SEQ
--------------------------------------------------------

   CREATE SEQUENCE  "COFFEEJAVA"."TCONTRATO_SEQ"  MINVALUE 1 MAXVALUE 9999999999999999999999999999 INCREMENT BY 1 START WITH 21 CACHE 20 NOORDER  NOCYCLE ;
--------------------------------------------------------
--  DDL for Sequence SVVISI_SEQ
--------------------------------------------------------

   CREATE SEQUENCE  "COFFEEJAVA"."SVVISI_SEQ"  MINVALUE 1 MAXVALUE 9999999999999999999999999999 INCREMENT BY 1 START WITH 21 CACHE 20 NOORDER  NOCYCLE ;
--------------------------------------------------------
--  DDL for Sequence SVMAYUDA_SEQ
--------------------------------------------------------

   CREATE SEQUENCE  "COFFEEJAVA"."SVMAYUDA_SEQ"  MINVALUE 1 MAXVALUE 9999999999999999999999999999 INCREMENT BY 1 START WITH 21 CACHE 20 NOORDER  NOCYCLE ;
--------------------------------------------------------
--  DDL for Sequence SVCL_SEQ
--------------------------------------------------------

   CREATE SEQUENCE  "COFFEEJAVA"."SVCL_SEQ"  MINVALUE 1 MAXVALUE 9999999999999999999999999999 INCREMENT BY 1 START WITH 41 CACHE 20 NOORDER  NOCYCLE ;
--------------------------------------------------------
--  DDL for Sequence SVCAPA_SEQ
--------------------------------------------------------

   CREATE SEQUENCE  "COFFEEJAVA"."SVCAPA_SEQ"  MINVALUE 1 MAXVALUE 9999999999999999999999999999 INCREMENT BY 1 START WITH 21 CACHE 20 NOORDER  NOCYCLE ;
--------------------------------------------------------
--  DDL for Sequence SVASES_SEQ
--------------------------------------------------------

   CREATE SEQUENCE  "COFFEEJAVA"."SVASES_SEQ"  MINVALUE 1 MAXVALUE 9999999999999999999999999999 INCREMENT BY 1 START WITH 21 CACHE 20 NOORDER  NOCYCLE ;
--------------------------------------------------------
--  DDL for Sequence ROL_SEQ
--------------------------------------------------------

   CREATE SEQUENCE  "COFFEEJAVA"."ROL_SEQ"  MINVALUE 1 MAXVALUE 9999999999999999999999999999 INCREMENT BY 1 START WITH 21 CACHE 20 NOORDER  NOCYCLE ;
--------------------------------------------------------
--  DDL for Sequence ESTPAGO_SEQ
--------------------------------------------------------

   CREATE SEQUENCE  "COFFEEJAVA"."ESTPAGO_SEQ"  MINVALUE 1 MAXVALUE 9999999999999999999999999999 INCREMENT BY 1 START WITH 1 CACHE 20 NOORDER  NOCYCLE ;
--------------------------------------------------------
--  DDL for Sequence CONTRATO_SEQ
--------------------------------------------------------

   CREATE SEQUENCE  "COFFEEJAVA"."CONTRATO_SEQ"  MINVALUE 1 MAXVALUE 9999999999999999999999999999 INCREMENT BY 1 START WITH 41 CACHE 20 NOORDER  NOCYCLE ;
--------------------------------------------------------
--  DDL for Sequence ACC_SEQ
--------------------------------------------------------

   CREATE SEQUENCE  "COFFEEJAVA"."ACC_SEQ"  MINVALUE 1 MAXVALUE 9999999999999999999999999999 INCREMENT BY 1 START WITH 61 CACHE 20 NOORDER  NOCYCLE ;
--------------------------------------------------------
--  DDL for Table USUARIO
--------------------------------------------------------

  CREATE TABLE "COFFEEJAVA"."USUARIO" 
   (	"IDUSU" NUMBER(*,0), 
	"NOMUSU" VARCHAR2(15 BYTE), 
	"PWUSU" VARCHAR2(15 BYTE), 
	"ROL_IDROL" NUMBER(*,0), 
	"PERSONA_RUTPER" VARCHAR2(15 BYTE)
   ) SEGMENT CREATION IMMEDIATE 
  PCTFREE 10 PCTUSED 40 INITRANS 1 MAXTRANS 255 NOCOMPRESS LOGGING
  STORAGE(INITIAL 65536 NEXT 1048576 MINEXTENTS 1 MAXEXTENTS 2147483645
  PCTINCREASE 0 FREELISTS 1 FREELIST GROUPS 1 BUFFER_POOL DEFAULT FLASH_CACHE DEFAULT CELL_FLASH_CACHE DEFAULT)
  TABLESPACE "USERS" ;
--------------------------------------------------------
--  DDL for Table TRACAP
--------------------------------------------------------

  CREATE TABLE "COFFEEJAVA"."TRACAP" 
   (	"IDTRAC" NUMBER(*,0), 
	"RUTTRAC" VARCHAR2(15 BYTE)
   ) SEGMENT CREATION IMMEDIATE 
  PCTFREE 10 PCTUSED 40 INITRANS 1 MAXTRANS 255 NOCOMPRESS LOGGING
  STORAGE(INITIAL 65536 NEXT 1048576 MINEXTENTS 1 MAXEXTENTS 2147483645
  PCTINCREASE 0 FREELISTS 1 FREELIST GROUPS 1 BUFFER_POOL DEFAULT FLASH_CACHE DEFAULT CELL_FLASH_CACHE DEFAULT)
  TABLESPACE "USERS" ;
--------------------------------------------------------
--  DDL for Table TRAACC
--------------------------------------------------------

  CREATE TABLE "COFFEEJAVA"."TRAACC" 
   (	"IDTACC" NUMBER(*,0), 
	"RUTTRATACC" VARCHAR2(15 BYTE)
   ) SEGMENT CREATION IMMEDIATE 
  PCTFREE 10 PCTUSED 40 INITRANS 1 MAXTRANS 255 NOCOMPRESS LOGGING
  STORAGE(INITIAL 65536 NEXT 1048576 MINEXTENTS 1 MAXEXTENTS 2147483645
  PCTINCREASE 0 FREELISTS 1 FREELIST GROUPS 1 BUFFER_POOL DEFAULT FLASH_CACHE DEFAULT CELL_FLASH_CACHE DEFAULT)
  TABLESPACE "USERS" ;
--------------------------------------------------------
--  DDL for Table TPERSONA
--------------------------------------------------------

  CREATE TABLE "COFFEEJAVA"."TPERSONA" 
   (	"IDTPER" NUMBER(*,0), 
	"NOMTPER" VARCHAR2(50 BYTE)
   ) SEGMENT CREATION IMMEDIATE 
  PCTFREE 10 PCTUSED 40 INITRANS 1 MAXTRANS 255 NOCOMPRESS LOGGING
  STORAGE(INITIAL 65536 NEXT 1048576 MINEXTENTS 1 MAXEXTENTS 2147483645
  PCTINCREASE 0 FREELISTS 1 FREELIST GROUPS 1 BUFFER_POOL DEFAULT FLASH_CACHE DEFAULT CELL_FLASH_CACHE DEFAULT)
  TABLESPACE "USERS" ;
--------------------------------------------------------
--  DDL for Table TCONTRATO
--------------------------------------------------------

  CREATE TABLE "COFFEEJAVA"."TCONTRATO" 
   (	"IDTCON" NUMBER(*,0), 
	"DESCTCON" VARCHAR2(100 BYTE)
   ) SEGMENT CREATION IMMEDIATE 
  PCTFREE 10 PCTUSED 40 INITRANS 1 MAXTRANS 255 NOCOMPRESS LOGGING
  STORAGE(INITIAL 65536 NEXT 1048576 MINEXTENTS 1 MAXEXTENTS 2147483645
  PCTINCREASE 0 FREELISTS 1 FREELIST GROUPS 1 BUFFER_POOL DEFAULT FLASH_CACHE DEFAULT CELL_FLASH_CACHE DEFAULT)
  TABLESPACE "USERS" ;
--------------------------------------------------------
--  DDL for Table SVVISI
--------------------------------------------------------

  CREATE TABLE "COFFEEJAVA"."SVVISI" 
   (	"IDSVVIS" NUMBER(*,0), 
	"FECHASVV" VARCHAR2(20 BYTE), 
	"HORASVV" VARCHAR2(100 BYTE), 
	"DESCSVV" VARCHAR2(100 BYTE), 
	"VALORSVV" NUMBER(*,0), 
	"CONTRATO_IDCON" NUMBER(*,0), 
	"ESTADO" VARCHAR2(20 BYTE)
   ) SEGMENT CREATION IMMEDIATE 
  PCTFREE 10 PCTUSED 40 INITRANS 1 MAXTRANS 255 NOCOMPRESS LOGGING
  STORAGE(INITIAL 65536 NEXT 1048576 MINEXTENTS 1 MAXEXTENTS 2147483645
  PCTINCREASE 0 FREELISTS 1 FREELIST GROUPS 1 BUFFER_POOL DEFAULT FLASH_CACHE DEFAULT CELL_FLASH_CACHE DEFAULT)
  TABLESPACE "USERS" ;
--------------------------------------------------------
--  DDL for Table SVMAYUDA
--------------------------------------------------------

  CREATE TABLE "COFFEEJAVA"."SVMAYUDA" 
   (	"IDSVM" NUMBER(*,0), 
	"DESCSVM" VARCHAR2(100 BYTE), 
	"FECHASVM" VARCHAR2(20 BYTE), 
	"VALORSVM" NUMBER(*,0), 
	"DURASVM" NUMBER(*,0), 
	"CONTRATO_IDCON" NUMBER(*,0), 
	"ESTADO" VARCHAR2(20 BYTE)
   ) SEGMENT CREATION IMMEDIATE 
  PCTFREE 10 PCTUSED 40 INITRANS 1 MAXTRANS 255 NOCOMPRESS LOGGING
  STORAGE(INITIAL 65536 NEXT 1048576 MINEXTENTS 1 MAXEXTENTS 2147483645
  PCTINCREASE 0 FREELISTS 1 FREELIST GROUPS 1 BUFFER_POOL DEFAULT FLASH_CACHE DEFAULT CELL_FLASH_CACHE DEFAULT)
  TABLESPACE "USERS" ;
--------------------------------------------------------
--  DDL for Table SVCL
--------------------------------------------------------

  CREATE TABLE "COFFEEJAVA"."SVCL" 
   (	"IDSVCL" NUMBER(*,0), 
	"DESCSVCL" VARCHAR2(350 BYTE), 
	"ESTSVCL" VARCHAR2(3 BYTE), 
	"PERSONA_RUTPER" VARCHAR2(15 BYTE)
   ) SEGMENT CREATION IMMEDIATE 
  PCTFREE 10 PCTUSED 40 INITRANS 1 MAXTRANS 255 NOCOMPRESS LOGGING
  STORAGE(INITIAL 65536 NEXT 1048576 MINEXTENTS 1 MAXEXTENTS 2147483645
  PCTINCREASE 0 FREELISTS 1 FREELIST GROUPS 1 BUFFER_POOL DEFAULT FLASH_CACHE DEFAULT CELL_FLASH_CACHE DEFAULT)
  TABLESPACE "USERS" ;
--------------------------------------------------------
--  DDL for Table SVCAPA
--------------------------------------------------------

  CREATE TABLE "COFFEEJAVA"."SVCAPA" 
   (	"IDSVC" NUMBER(*,0), 
	"CANTSVC" NUMBER(*,0), 
	"FECHASVC" VARCHAR2(20 BYTE), 
	"HORASVC" VARCHAR2(100 BYTE), 
	"VALORSVC" NUMBER(*,0), 
	"CONTRATO_IDCON" NUMBER(*,0), 
	"TRACAPA" VARCHAR2(350 BYTE), 
	"ESTADO" VARCHAR2(20 BYTE)
   ) SEGMENT CREATION IMMEDIATE 
  PCTFREE 10 PCTUSED 40 INITRANS 1 MAXTRANS 255 NOCOMPRESS LOGGING
  STORAGE(INITIAL 65536 NEXT 1048576 MINEXTENTS 1 MAXEXTENTS 2147483645
  PCTINCREASE 0 FREELISTS 1 FREELIST GROUPS 1 BUFFER_POOL DEFAULT FLASH_CACHE DEFAULT CELL_FLASH_CACHE DEFAULT)
  TABLESPACE "USERS" ;
--------------------------------------------------------
--  DDL for Table SVASES
--------------------------------------------------------

  CREATE TABLE "COFFEEJAVA"."SVASES" 
   (	"IDSVA" NUMBER(*,0), 
	"DESCSVA" VARCHAR2(100 BYTE), 
	"FECHASVA" VARCHAR2(20 BYTE), 
	"VALORSVA" NUMBER(*,0), 
	"HORASVA" VARCHAR2(100 BYTE), 
	"CONTRATO_IDCON" NUMBER(*,0), 
	"ESTADO" VARCHAR2(20 BYTE)
   ) SEGMENT CREATION IMMEDIATE 
  PCTFREE 10 PCTUSED 40 INITRANS 1 MAXTRANS 255 NOCOMPRESS LOGGING
  STORAGE(INITIAL 65536 NEXT 1048576 MINEXTENTS 1 MAXEXTENTS 2147483645
  PCTINCREASE 0 FREELISTS 1 FREELIST GROUPS 1 BUFFER_POOL DEFAULT FLASH_CACHE DEFAULT CELL_FLASH_CACHE DEFAULT)
  TABLESPACE "USERS" ;
--------------------------------------------------------
--  DDL for Table ROL
--------------------------------------------------------

  CREATE TABLE "COFFEEJAVA"."ROL" 
   (	"IDROL" NUMBER(*,0), 
	"NOMROL" VARCHAR2(20 BYTE)
   ) SEGMENT CREATION IMMEDIATE 
  PCTFREE 10 PCTUSED 40 INITRANS 1 MAXTRANS 255 NOCOMPRESS LOGGING
  STORAGE(INITIAL 65536 NEXT 1048576 MINEXTENTS 1 MAXEXTENTS 2147483645
  PCTINCREASE 0 FREELISTS 1 FREELIST GROUPS 1 BUFFER_POOL DEFAULT FLASH_CACHE DEFAULT CELL_FLASH_CACHE DEFAULT)
  TABLESPACE "USERS" ;
--------------------------------------------------------
--  DDL for Table PERSONA
--------------------------------------------------------

  CREATE TABLE "COFFEEJAVA"."PERSONA" 
   (	"RUTPER" VARCHAR2(15 BYTE), 
	"NOMPER" VARCHAR2(100 BYTE), 
	"DIRPER" VARCHAR2(200 BYTE), 
	"CIUPER" VARCHAR2(20 BYTE), 
	"CORREOPER" VARCHAR2(100 BYTE), 
	"TPERSONA_IDTPER" NUMBER(*,0)
   ) SEGMENT CREATION IMMEDIATE 
  PCTFREE 10 PCTUSED 40 INITRANS 1 MAXTRANS 255 NOCOMPRESS LOGGING
  STORAGE(INITIAL 65536 NEXT 1048576 MINEXTENTS 1 MAXEXTENTS 2147483645
  PCTINCREASE 0 FREELISTS 1 FREELIST GROUPS 1 BUFFER_POOL DEFAULT FLASH_CACHE DEFAULT CELL_FLASH_CACHE DEFAULT)
  TABLESPACE "USERS" ;
--------------------------------------------------------
--  DDL for Table PAGO
--------------------------------------------------------

  CREATE TABLE "COFFEEJAVA"."PAGO" 
   (	"IDPAG" NUMBER(*,0), 
	"VALORPAG" NUMBER(*,0), 
	"DETPAG" VARCHAR2(100 BYTE), 
	"VALOREXTPAG" NUMBER(*,0), 
	"ESTPAGO_IDESTP" NUMBER(*,0), 
	"FECHAPAGO" DATE, 
	"FECHAVEN" DATE, 
	"IDCONT" NUMBER, 
	"IDSERV" NUMBER
   ) SEGMENT CREATION IMMEDIATE 
  PCTFREE 10 PCTUSED 40 INITRANS 1 MAXTRANS 255 NOCOMPRESS LOGGING
  STORAGE(INITIAL 65536 NEXT 1048576 MINEXTENTS 1 MAXEXTENTS 2147483645
  PCTINCREASE 0 FREELISTS 1 FREELIST GROUPS 1 BUFFER_POOL DEFAULT FLASH_CACHE DEFAULT CELL_FLASH_CACHE DEFAULT)
  TABLESPACE "USERS" ;
--------------------------------------------------------
--  DDL for Table ESTPAGO
--------------------------------------------------------

  CREATE TABLE "COFFEEJAVA"."ESTPAGO" 
   (	"IDESTP" NUMBER(*,0), 
	"DESCESTP" VARCHAR2(100 BYTE)
   ) SEGMENT CREATION IMMEDIATE 
  PCTFREE 10 PCTUSED 40 INITRANS 1 MAXTRANS 255 NOCOMPRESS LOGGING
  STORAGE(INITIAL 65536 NEXT 1048576 MINEXTENTS 1 MAXEXTENTS 2147483645
  PCTINCREASE 0 FREELISTS 1 FREELIST GROUPS 1 BUFFER_POOL DEFAULT FLASH_CACHE DEFAULT CELL_FLASH_CACHE DEFAULT)
  TABLESPACE "USERS" ;
--------------------------------------------------------
--  DDL for Table CONTRATO
--------------------------------------------------------

  CREATE TABLE "COFFEEJAVA"."CONTRATO" 
   (	"IDCON" NUMBER(*,0), 
	"TCONTRATO_IDTCON" NUMBER(*,0), 
	"PERSONA_RUTPER" VARCHAR2(15 BYTE), 
	"VALORPAG" NUMBER, 
	"DETPAG" VARCHAR2(100 BYTE), 
	"VALOREXTPAG" NUMBER, 
	"ESTADO" VARCHAR2(3 BYTE)
   ) SEGMENT CREATION IMMEDIATE 
  PCTFREE 10 PCTUSED 40 INITRANS 1 MAXTRANS 255 NOCOMPRESS LOGGING
  STORAGE(INITIAL 65536 NEXT 1048576 MINEXTENTS 1 MAXEXTENTS 2147483645
  PCTINCREASE 0 FREELISTS 1 FREELIST GROUPS 1 BUFFER_POOL DEFAULT FLASH_CACHE DEFAULT CELL_FLASH_CACHE DEFAULT)
  TABLESPACE "USERS" ;
--------------------------------------------------------
--  DDL for Table ACC
--------------------------------------------------------

  CREATE TABLE "COFFEEJAVA"."ACC" 
   (	"IDACC" NUMBER(*,0), 
	"DESCACC" VARCHAR2(200 BYTE), 
	"FECHAACC" DATE, 
	"PERSONA_RUTPER" VARCHAR2(15 BYTE), 
	"TRAACC" VARCHAR2(350 BYTE)
   ) SEGMENT CREATION IMMEDIATE 
  PCTFREE 10 PCTUSED 40 INITRANS 1 MAXTRANS 255 NOCOMPRESS LOGGING
  STORAGE(INITIAL 65536 NEXT 1048576 MINEXTENTS 1 MAXEXTENTS 2147483645
  PCTINCREASE 0 FREELISTS 1 FREELIST GROUPS 1 BUFFER_POOL DEFAULT FLASH_CACHE DEFAULT CELL_FLASH_CACHE DEFAULT)
  TABLESPACE "USERS" ;
--------------------------------------------------------
--  DDL for View REPORTESVVISI
--------------------------------------------------------

  CREATE OR REPLACE FORCE VIEW "COFFEEJAVA"."REPORTESVVISI" ("IDSVVIS", "IDCON", "FECHASVV", "VALORSVV", "ESTADO", "RUTPER", "NOMPER") AS 
  SELECT vi.idsvvis, c.idcon, vi.fechasvv, vi.valorsvv, vi.estado, p.rutper, p.nomper 
FROM Svvisi vi
INNER JOIN Contrato c on c.idcon = vi.contrato_idcon 
JOIN Persona p on p.rutper = c.persona_rutper
;
--------------------------------------------------------
--  DDL for View REPORTESVMAYUDA
--------------------------------------------------------

  CREATE OR REPLACE FORCE VIEW "COFFEEJAVA"."REPORTESVMAYUDA" ("IDSVM", "IDCON", "FECHASVM", "VALORSVM", "ESTADO", "RUTPER", "NOMPER") AS 
  SELECT ay.idsvm, c.idcon, ay.fechasvm, ay.valorsvm, ay.estado, p.rutper, p.nomper 
FROM Svmayuda ay
INNER JOIN Contrato c on c.idcon = ay.contrato_idcon 
JOIN Persona p on p.rutper = c.persona_rutper
;
--------------------------------------------------------
--  DDL for View REPORTESVCAPA
--------------------------------------------------------

  CREATE OR REPLACE FORCE VIEW "COFFEEJAVA"."REPORTESVCAPA" ("IDSVC", "IDCON", "FECHASVC", "VALORSVC", "ESTADO", "RUTPER", "NOMPER") AS 
  SELECT ca.idsvc, c.idcon, ca.fechasvc, ca.valorsvc,ca.estado, p.rutper, p.nomper FROM Svcapa ca
INNER JOIN Contrato c on c.idcon = ca.contrato_idcon JOIN Persona p on p.rutper = c.persona_rutper
;
--------------------------------------------------------
--  DDL for View REPORTESVASES
--------------------------------------------------------

  CREATE OR REPLACE FORCE VIEW "COFFEEJAVA"."REPORTESVASES" ("IDSVA", "IDCON", "DESCSVA", "FECHASVA", "VALORSVA", "ESTADO", "RUTPER", "NOMPER") AS 
  SELECT ase.idsva, c.idcon, ase.descsva,ase.fechasva, ase.valorsva,ase.estado, p.rutper, p.nomper FROM Svases ase 
INNER JOIN contrato c on c.idcon = ase.contrato_idcon JOIN persona p on p.rutper = c.persona_rutper
;
--------------------------------------------------------
--  DDL for View REPORTEACCIDENTE
--------------------------------------------------------

  CREATE OR REPLACE FORCE VIEW "COFFEEJAVA"."REPORTEACCIDENTE" ("IDACC", "DESCACC", "FECHAACC", "TRAACC", "RUTPER", "NOMPER") AS 
  select a.idacc, a.descacc, a.fechaacc, a.traacc,p.rutper, p.nomper  FROM Acc a INNER JOIN Persona
p ON p.rutper = a.persona_rutper  
and fechaacc between add_months(trunc(sysdate,'mm'),-1)
and last_day(add_months(trunc(sysdate,'mm'),-1))
;
REM INSERTING into COFFEEJAVA.REPORTESVVISI
SET DEFINE OFF;
Insert into COFFEEJAVA.REPORTESVVISI (IDSVVIS,IDCON,FECHASVV,VALORSVV,ESTADO,RUTPER,NOMPER) values ('7','1','2020-07-27','1','pagado','13107405','Cristian Maximiliano Pacheco Díaz');
Insert into COFFEEJAVA.REPORTESVVISI (IDSVVIS,IDCON,FECHASVV,VALORSVV,ESTADO,RUTPER,NOMPER) values ('9','1','2020-07-27','111','pagado','13107405','Cristian Maximiliano Pacheco Díaz');
Insert into COFFEEJAVA.REPORTESVVISI (IDSVVIS,IDCON,FECHASVV,VALORSVV,ESTADO,RUTPER,NOMPER) values ('1','1','2020-08-02','1','Pendiente','13107405','Cristian Maximiliano Pacheco Díaz');
REM INSERTING into COFFEEJAVA.REPORTESVMAYUDA
SET DEFINE OFF;
Insert into COFFEEJAVA.REPORTESVMAYUDA (IDSVM,IDCON,FECHASVM,VALORSVM,ESTADO,RUTPER,NOMPER) values ('14','1','2020-08-02','5000','Pagado','13107405','Cristian Maximiliano Pacheco Díaz');
Insert into COFFEEJAVA.REPORTESVMAYUDA (IDSVM,IDCON,FECHASVM,VALORSVM,ESTADO,RUTPER,NOMPER) values ('15','1','2020-08-02','5000','Pendiente','13107405','Cristian Maximiliano Pacheco Díaz');
REM INSERTING into COFFEEJAVA.REPORTESVCAPA
SET DEFINE OFF;
Insert into COFFEEJAVA.REPORTESVCAPA (IDSVC,IDCON,FECHASVC,VALORSVC,ESTADO,RUTPER,NOMPER) values ('1','1','2020-07-31','80000',null,'13107405','Cristian Maximiliano Pacheco Díaz');
Insert into COFFEEJAVA.REPORTESVCAPA (IDSVC,IDCON,FECHASVC,VALORSVC,ESTADO,RUTPER,NOMPER) values ('2','1','24-07-2020','10000','pendiente','13107405','Cristian Maximiliano Pacheco Díaz');
Insert into COFFEEJAVA.REPORTESVCAPA (IDSVC,IDCON,FECHASVC,VALORSVC,ESTADO,RUTPER,NOMPER) values ('6','1','24-07-2020','1','pendiente','13107405','Cristian Maximiliano Pacheco Díaz');
Insert into COFFEEJAVA.REPORTESVCAPA (IDSVC,IDCON,FECHASVC,VALORSVC,ESTADO,RUTPER,NOMPER) values ('7','1','24-07-2020','1','pendiente','13107405','Cristian Maximiliano Pacheco Díaz');
Insert into COFFEEJAVA.REPORTESVCAPA (IDSVC,IDCON,FECHASVC,VALORSVC,ESTADO,RUTPER,NOMPER) values ('3','1','2020-08-02','1','Pendiente','13107405','Cristian Maximiliano Pacheco Díaz');
Insert into COFFEEJAVA.REPORTESVCAPA (IDSVC,IDCON,FECHASVC,VALORSVC,ESTADO,RUTPER,NOMPER) values ('4','1','2020-08-02','1','Pagado','13107405','Cristian Maximiliano Pacheco Díaz');
Insert into COFFEEJAVA.REPORTESVCAPA (IDSVC,IDCON,FECHASVC,VALORSVC,ESTADO,RUTPER,NOMPER) values ('5','1','2020-08-02','11','Pendiente','13107405','Cristian Maximiliano Pacheco Díaz');
REM INSERTING into COFFEEJAVA.REPORTESVASES
SET DEFINE OFF;
Insert into COFFEEJAVA.REPORTESVASES (IDSVA,IDCON,DESCSVA,FECHASVA,VALORSVA,ESTADO,RUTPER,NOMPER) values ('4','1','prueba asesoria','2020-07-31','20000',null,'13107405','Cristian Maximiliano Pacheco Díaz');
Insert into COFFEEJAVA.REPORTESVASES (IDSVA,IDCON,DESCSVA,FECHASVA,VALORSVA,ESTADO,RUTPER,NOMPER) values ('1','1','prueba asesoria','2020-07-28','50000','pagado','13107405','Cristian Maximiliano Pacheco Díaz');
Insert into COFFEEJAVA.REPORTESVASES (IDSVA,IDCON,DESCSVA,FECHASVA,VALORSVA,ESTADO,RUTPER,NOMPER) values ('2','1','prueba asesoria2','2020-07-28','50000','pendiente','13107405','Cristian Maximiliano Pacheco Díaz');
Insert into COFFEEJAVA.REPORTESVASES (IDSVA,IDCON,DESCSVA,FECHASVA,VALORSVA,ESTADO,RUTPER,NOMPER) values ('3','1','wwww','2020-07-31','35000',null,'13107405','Cristian Maximiliano Pacheco Díaz');
Insert into COFFEEJAVA.REPORTESVASES (IDSVA,IDCON,DESCSVA,FECHASVA,VALORSVA,ESTADO,RUTPER,NOMPER) values ('6','1','aaa',null,'50000','Pendiente','13107405','Cristian Maximiliano Pacheco Díaz');
Insert into COFFEEJAVA.REPORTESVASES (IDSVA,IDCON,DESCSVA,FECHASVA,VALORSVA,ESTADO,RUTPER,NOMPER) values ('7','1','prueba asesoria especial xx','2020-08-02','50000','Pendiente','13107405','Cristian Maximiliano Pacheco Díaz');
Insert into COFFEEJAVA.REPORTESVASES (IDSVA,IDCON,DESCSVA,FECHASVA,VALORSVA,ESTADO,RUTPER,NOMPER) values ('8','1','prueba asesoria final','2020-08-02','50000','Pendiente','13107405','Cristian Maximiliano Pacheco Díaz');
Insert into COFFEEJAVA.REPORTESVASES (IDSVA,IDCON,DESCSVA,FECHASVA,VALORSVA,ESTADO,RUTPER,NOMPER) values ('9','1','asesoria fin','2020-08-02','20000','Pendiente','13107405','Cristian Maximiliano Pacheco Díaz');
REM INSERTING into COFFEEJAVA.REPORTEACCIDENTE
SET DEFINE OFF;
Insert into COFFEEJAVA.REPORTEACCIDENTE (IDACC,DESCACC,FECHAACC,TRAACC,RUTPER,NOMPER) values ('28','accidente2',to_date('02/07/20','DD/MM/RR'),'1;2;3','96714870-9','Coca Cola Company');
Insert into COFFEEJAVA.REPORTEACCIDENTE (IDACC,DESCACC,FECHAACC,TRAACC,RUTPER,NOMPER) values ('29','accidente3',to_date('03/07/20','DD/MM/RR'),'1;2','96714870-9','Coca Cola Company');
Insert into COFFEEJAVA.REPORTEACCIDENTE (IDACC,DESCACC,FECHAACC,TRAACC,RUTPER,NOMPER) values ('43','Accidente en carretera 5 sur - 02Agosto 2020',to_date('02/07/20','DD/MM/RR'),'1111111;222222;33333;4444;555;6666','13107405','Cristian Maximiliano Pacheco Díaz');
Insert into COFFEEJAVA.REPORTEACCIDENTE (IDACC,DESCACC,FECHAACC,TRAACC,RUTPER,NOMPER) values ('27','accidente1',to_date('01/07/20','DD/MM/RR'),'1;2;3','96714870-9','Coca Cola Company');
Insert into COFFEEJAVA.REPORTEACCIDENTE (IDACC,DESCACC,FECHAACC,TRAACC,RUTPER,NOMPER) values ('44','Choque de vehiculos en EEUU',to_date('02/07/20','DD/MM/RR'),'11111; 22222; 8888, 9999','13107405','Cristian Maximiliano Pacheco Díaz');
Insert into COFFEEJAVA.REPORTEACCIDENTE (IDACC,DESCACC,FECHAACC,TRAACC,RUTPER,NOMPER) values ('47','accidente final',to_date('02/07/20','DD/MM/RR'),'212212;','13107405','Cristian Maximiliano Pacheco Díaz');
REM INSERTING into COFFEEJAVA.USUARIO
SET DEFINE OFF;
Insert into COFFEEJAVA.USUARIO (IDUSU,NOMUSU,PWUSU,ROL_IDROL,PERSONA_RUTPER) values ('21','cpacheco','123','1','13107405');
REM INSERTING into COFFEEJAVA.TRACAP
SET DEFINE OFF;
REM INSERTING into COFFEEJAVA.TRAACC
SET DEFINE OFF;
REM INSERTING into COFFEEJAVA.TPERSONA
SET DEFINE OFF;
Insert into COFFEEJAVA.TPERSONA (IDTPER,NOMTPER) values ('1','profesional');
Insert into COFFEEJAVA.TPERSONA (IDTPER,NOMTPER) values ('2','cliente');
REM INSERTING into COFFEEJAVA.TCONTRATO
SET DEFINE OFF;
Insert into COFFEEJAVA.TCONTRATO (IDTCON,DESCTCON) values ('1','base');
Insert into COFFEEJAVA.TCONTRATO (IDTCON,DESCTCON) values ('2','base + capacitacion');
REM INSERTING into COFFEEJAVA.SVVISI
SET DEFINE OFF;
Insert into COFFEEJAVA.SVVISI (IDSVVIS,FECHASVV,HORASVV,DESCSVV,VALORSVV,CONTRATO_IDCON,ESTADO) values ('7','2020-07-27','09:00 AM - 10:00 AM','prueba visita2','1','1','pagado');
Insert into COFFEEJAVA.SVVISI (IDSVVIS,FECHASVV,HORASVV,DESCSVV,VALORSVV,CONTRATO_IDCON,ESTADO) values ('9','2020-07-27','09:00 AM - 10:00 AM','aaaa','111','1','pagado');
Insert into COFFEEJAVA.SVVISI (IDSVVIS,FECHASVV,HORASVV,DESCSVV,VALORSVV,CONTRATO_IDCON,ESTADO) values ('1','2020-08-02','09:00 AM - 10:00 AM','visita domingo','1','1','Pendiente');
REM INSERTING into COFFEEJAVA.SVMAYUDA
SET DEFINE OFF;
Insert into COFFEEJAVA.SVMAYUDA (IDSVM,DESCSVM,FECHASVM,VALORSVM,DURASVM,CONTRATO_IDCON,ESTADO) values ('14','solicitud de mesa ayuda final','2020-08-02','5000','0','1','Pagado');
Insert into COFFEEJAVA.SVMAYUDA (IDSVM,DESCSVM,FECHASVM,VALORSVM,DURASVM,CONTRATO_IDCON,ESTADO) values ('15','prueba mesa ayuda2 final','2020-08-02','5000','0','1','Pendiente');
REM INSERTING into COFFEEJAVA.SVCL
SET DEFINE OFF;
Insert into COFFEEJAVA.SVCL (IDSVCL,DESCSVCL,ESTSVCL,PERSONA_RUTPER) values ('5','adasdadads','Ok','13107405');
Insert into COFFEEJAVA.SVCL (IDSVCL,DESCSVCL,ESTSVCL,PERSONA_RUTPER) values ('21','1) Visitar Cliente. 2) Realizar Capacitación 3) Reunión con Gerente','Ok','13107405');
Insert into COFFEEJAVA.SVCL (IDSVCL,DESCSVCL,ESTSVCL,PERSONA_RUTPER) values ('2','dadddsdasdddddsadadasddadsdadsada','Ok','13107405');
Insert into COFFEEJAVA.SVCL (IDSVCL,DESCSVCL,ESTSVCL,PERSONA_RUTPER) values ('23','minuta prueba','Ok','13107405');
Insert into COFFEEJAVA.SVCL (IDSVCL,DESCSVCL,ESTSVCL,PERSONA_RUTPER) values ('24','minuta final','Ok','13107405');
REM INSERTING into COFFEEJAVA.SVCAPA
SET DEFINE OFF;
Insert into COFFEEJAVA.SVCAPA (IDSVC,CANTSVC,FECHASVC,HORASVC,VALORSVC,CONTRATO_IDCON,TRACAPA,ESTADO) values ('1','2','2020-07-31','09:00 AM - 10:00 AM','80000','1',null,null);
Insert into COFFEEJAVA.SVCAPA (IDSVC,CANTSVC,FECHASVC,HORASVC,VALORSVC,CONTRATO_IDCON,TRACAPA,ESTADO) values ('2','2','24-07-2020','09:00 AM - 10:00 AM','10000','1',null,'pendiente');
Insert into COFFEEJAVA.SVCAPA (IDSVC,CANTSVC,FECHASVC,HORASVC,VALORSVC,CONTRATO_IDCON,TRACAPA,ESTADO) values ('6','2','24-07-2020','09:00 AM - 10:00 AM','1','1',null,'pendiente');
Insert into COFFEEJAVA.SVCAPA (IDSVC,CANTSVC,FECHASVC,HORASVC,VALORSVC,CONTRATO_IDCON,TRACAPA,ESTADO) values ('7','2','24-07-2020','09:00 AM - 10:00 AM','1','1',null,'pendiente');
Insert into COFFEEJAVA.SVCAPA (IDSVC,CANTSVC,FECHASVC,HORASVC,VALORSVC,CONTRATO_IDCON,TRACAPA,ESTADO) values ('3','22','2020-08-02','09:00 AM - 10:00 AM','1','1','111, 222, 33','Pendiente');
Insert into COFFEEJAVA.SVCAPA (IDSVC,CANTSVC,FECHASVC,HORASVC,VALORSVC,CONTRATO_IDCON,TRACAPA,ESTADO) values ('4','20','2020-08-02','09:00 AM - 10:00 AM','1','1','11,22,','Pagado');
Insert into COFFEEJAVA.SVCAPA (IDSVC,CANTSVC,FECHASVC,HORASVC,VALORSVC,CONTRATO_IDCON,TRACAPA,ESTADO) values ('5','20','2020-08-02','09:00 AM - 10:00 AM','11','1','1111111','Pendiente');
REM INSERTING into COFFEEJAVA.SVASES
SET DEFINE OFF;
Insert into COFFEEJAVA.SVASES (IDSVA,DESCSVA,FECHASVA,VALORSVA,HORASVA,CONTRATO_IDCON,ESTADO) values ('4','prueba asesoria','2020-07-31','20000','09:00 AM - 10:00 AM','1',null);
Insert into COFFEEJAVA.SVASES (IDSVA,DESCSVA,FECHASVA,VALORSVA,HORASVA,CONTRATO_IDCON,ESTADO) values ('1','prueba asesoria','2020-07-28','50000','09:00 AM - 10:00 AM','1','pagado');
Insert into COFFEEJAVA.SVASES (IDSVA,DESCSVA,FECHASVA,VALORSVA,HORASVA,CONTRATO_IDCON,ESTADO) values ('2','prueba asesoria2','2020-07-28','50000','10:00 AM - 11:00 PM','1','pendiente');
Insert into COFFEEJAVA.SVASES (IDSVA,DESCSVA,FECHASVA,VALORSVA,HORASVA,CONTRATO_IDCON,ESTADO) values ('3','wwww','2020-07-31','35000','09:00 AM - 10:00 AM','1',null);
Insert into COFFEEJAVA.SVASES (IDSVA,DESCSVA,FECHASVA,VALORSVA,HORASVA,CONTRATO_IDCON,ESTADO) values ('6','aaa',null,'50000','09:00 AM - 10:00 AM','1','Pendiente');
Insert into COFFEEJAVA.SVASES (IDSVA,DESCSVA,FECHASVA,VALORSVA,HORASVA,CONTRATO_IDCON,ESTADO) values ('7','prueba asesoria especial xx','2020-08-02','50000','09:00 AM - 10:00 AM','1','Pendiente');
Insert into COFFEEJAVA.SVASES (IDSVA,DESCSVA,FECHASVA,VALORSVA,HORASVA,CONTRATO_IDCON,ESTADO) values ('8','prueba asesoria final','2020-08-02','50000','09:00 AM - 10:00 AM','1','Pendiente');
Insert into COFFEEJAVA.SVASES (IDSVA,DESCSVA,FECHASVA,VALORSVA,HORASVA,CONTRATO_IDCON,ESTADO) values ('9','asesoria fin','2020-08-02','20000','09:00 AM - 10:00 AM','1','Pendiente');
REM INSERTING into COFFEEJAVA.ROL
SET DEFINE OFF;
Insert into COFFEEJAVA.ROL (IDROL,NOMROL) values ('1','admin');
REM INSERTING into COFFEEJAVA.PERSONA
SET DEFINE OFF;
Insert into COFFEEJAVA.PERSONA (RUTPER,NOMPER,DIRPER,CIUPER,CORREOPER,TPERSONA_IDTPER) values ('13107405','Cristian Maximiliano Pacheco Díaz','Alberto Einstein 435','Rancagua, Chile','cristianpachecod@gmail.com','2');
Insert into COFFEEJAVA.PERSONA (RUTPER,NOMPER,DIRPER,CIUPER,CORREOPER,TPERSONA_IDTPER) values ('96714870-9','Coca Cola Company','Av. Kennedy 5757 Piso 12, Torre Oriente, Las Condes','Santiago chile','admin@cocacola.cl','1');
Insert into COFFEEJAVA.PERSONA (RUTPER,NOMPER,DIRPER,CIUPER,CORREOPER,TPERSONA_IDTPER) values ('88888888','Monse Pacheco','el ficus','rancagua','monse@gmail.com','1');
Insert into COFFEEJAVA.PERSONA (RUTPER,NOMPER,DIRPER,CIUPER,CORREOPER,TPERSONA_IDTPER) values ('777777','Max Pacheco','el ficus','rancagua','gustavopacheco@gmail.com','1');
REM INSERTING into COFFEEJAVA.PAGO
SET DEFINE OFF;
REM INSERTING into COFFEEJAVA.ESTPAGO
SET DEFINE OFF;
Insert into COFFEEJAVA.ESTPAGO (IDESTP,DESCESTP) values ('1','activo');
Insert into COFFEEJAVA.ESTPAGO (IDESTP,DESCESTP) values ('2','inactivo');
REM INSERTING into COFFEEJAVA.CONTRATO
SET DEFINE OFF;
Insert into COFFEEJAVA.CONTRATO (IDCON,TCONTRATO_IDTCON,PERSONA_RUTPER,VALORPAG,DETPAG,VALOREXTPAG,ESTADO) values ('1','1','13107405','1','base','2','1');
Insert into COFFEEJAVA.CONTRATO (IDCON,TCONTRATO_IDTCON,PERSONA_RUTPER,VALORPAG,DETPAG,VALOREXTPAG,ESTADO) values ('23','1','777777','0','Servicio Basico','1111111','1');
REM INSERTING into COFFEEJAVA.ACC
SET DEFINE OFF;
Insert into COFFEEJAVA.ACC (IDACC,DESCACC,FECHAACC,PERSONA_RUTPER,TRAACC) values ('42','choque de autos',to_date('31/07/20','DD/MM/RR'),'13107405','1,2,3');
Insert into COFFEEJAVA.ACC (IDACC,DESCACC,FECHAACC,PERSONA_RUTPER,TRAACC) values ('28','accidente2',to_date('02/07/20','DD/MM/RR'),'96714870-9','1;2;3');
Insert into COFFEEJAVA.ACC (IDACC,DESCACC,FECHAACC,PERSONA_RUTPER,TRAACC) values ('29','accidente3',to_date('03/07/20','DD/MM/RR'),'96714870-9','1;2');
Insert into COFFEEJAVA.ACC (IDACC,DESCACC,FECHAACC,PERSONA_RUTPER,TRAACC) values ('43','Accidente en carretera 5 sur - 02Agosto 2020',to_date('02/07/20','DD/MM/RR'),'13107405','1111111;222222;33333;4444;555;6666');
Insert into COFFEEJAVA.ACC (IDACC,DESCACC,FECHAACC,PERSONA_RUTPER,TRAACC) values ('27','accidente1',to_date('01/07/20','DD/MM/RR'),'96714870-9','1;2;3');
Insert into COFFEEJAVA.ACC (IDACC,DESCACC,FECHAACC,PERSONA_RUTPER,TRAACC) values ('44','Choque de vehiculos en EEUU',to_date('02/07/20','DD/MM/RR'),'13107405','11111; 22222; 8888, 9999');
Insert into COFFEEJAVA.ACC (IDACC,DESCACC,FECHAACC,PERSONA_RUTPER,TRAACC) values ('47','accidente final',to_date('02/07/20','DD/MM/RR'),'13107405','212212;');
Insert into COFFEEJAVA.ACC (IDACC,DESCACC,FECHAACC,PERSONA_RUTPER,TRAACC) values ('48','Choque en Francia de dos vehiculos',to_date('02/08/20','DD/MM/RR'),'13107405','999');
--------------------------------------------------------
--  DDL for Index USUARIO__IDX
--------------------------------------------------------

  CREATE UNIQUE INDEX "COFFEEJAVA"."USUARIO__IDX" ON "COFFEEJAVA"."USUARIO" ("PERSONA_RUTPER") 
  PCTFREE 10 INITRANS 2 MAXTRANS 255 COMPUTE STATISTICS 
  STORAGE(INITIAL 65536 NEXT 1048576 MINEXTENTS 1 MAXEXTENTS 2147483645
  PCTINCREASE 0 FREELISTS 1 FREELIST GROUPS 1 BUFFER_POOL DEFAULT FLASH_CACHE DEFAULT CELL_FLASH_CACHE DEFAULT)
  TABLESPACE "USERS" ;
--------------------------------------------------------
--  DDL for Index USUARIO_PK
--------------------------------------------------------

  CREATE UNIQUE INDEX "COFFEEJAVA"."USUARIO_PK" ON "COFFEEJAVA"."USUARIO" ("IDUSU") 
  PCTFREE 10 INITRANS 2 MAXTRANS 255 COMPUTE STATISTICS 
  STORAGE(INITIAL 65536 NEXT 1048576 MINEXTENTS 1 MAXEXTENTS 2147483645
  PCTINCREASE 0 FREELISTS 1 FREELIST GROUPS 1 BUFFER_POOL DEFAULT FLASH_CACHE DEFAULT CELL_FLASH_CACHE DEFAULT)
  TABLESPACE "USERS" ;
--------------------------------------------------------
--  DDL for Index TRACAP_PK
--------------------------------------------------------

  CREATE UNIQUE INDEX "COFFEEJAVA"."TRACAP_PK" ON "COFFEEJAVA"."TRACAP" ("IDTRAC") 
  PCTFREE 10 INITRANS 2 MAXTRANS 255 COMPUTE STATISTICS 
  STORAGE(INITIAL 65536 NEXT 1048576 MINEXTENTS 1 MAXEXTENTS 2147483645
  PCTINCREASE 0 FREELISTS 1 FREELIST GROUPS 1 BUFFER_POOL DEFAULT FLASH_CACHE DEFAULT CELL_FLASH_CACHE DEFAULT)
  TABLESPACE "USERS" ;
--------------------------------------------------------
--  DDL for Index TRAACC_PK
--------------------------------------------------------

  CREATE UNIQUE INDEX "COFFEEJAVA"."TRAACC_PK" ON "COFFEEJAVA"."TRAACC" ("IDTACC") 
  PCTFREE 10 INITRANS 2 MAXTRANS 255 COMPUTE STATISTICS 
  STORAGE(INITIAL 65536 NEXT 1048576 MINEXTENTS 1 MAXEXTENTS 2147483645
  PCTINCREASE 0 FREELISTS 1 FREELIST GROUPS 1 BUFFER_POOL DEFAULT FLASH_CACHE DEFAULT CELL_FLASH_CACHE DEFAULT)
  TABLESPACE "USERS" ;
--------------------------------------------------------
--  DDL for Index TPERSONA_PK
--------------------------------------------------------

  CREATE UNIQUE INDEX "COFFEEJAVA"."TPERSONA_PK" ON "COFFEEJAVA"."TPERSONA" ("IDTPER") 
  PCTFREE 10 INITRANS 2 MAXTRANS 255 COMPUTE STATISTICS 
  STORAGE(INITIAL 65536 NEXT 1048576 MINEXTENTS 1 MAXEXTENTS 2147483645
  PCTINCREASE 0 FREELISTS 1 FREELIST GROUPS 1 BUFFER_POOL DEFAULT FLASH_CACHE DEFAULT CELL_FLASH_CACHE DEFAULT)
  TABLESPACE "USERS" ;
--------------------------------------------------------
--  DDL for Index TCONTRATO_PK
--------------------------------------------------------

  CREATE UNIQUE INDEX "COFFEEJAVA"."TCONTRATO_PK" ON "COFFEEJAVA"."TCONTRATO" ("IDTCON") 
  PCTFREE 10 INITRANS 2 MAXTRANS 255 COMPUTE STATISTICS 
  STORAGE(INITIAL 65536 NEXT 1048576 MINEXTENTS 1 MAXEXTENTS 2147483645
  PCTINCREASE 0 FREELISTS 1 FREELIST GROUPS 1 BUFFER_POOL DEFAULT FLASH_CACHE DEFAULT CELL_FLASH_CACHE DEFAULT)
  TABLESPACE "USERS" ;
--------------------------------------------------------
--  DDL for Index SVVISI_PK
--------------------------------------------------------

  CREATE UNIQUE INDEX "COFFEEJAVA"."SVVISI_PK" ON "COFFEEJAVA"."SVVISI" ("IDSVVIS") 
  PCTFREE 10 INITRANS 2 MAXTRANS 255 COMPUTE STATISTICS 
  STORAGE(INITIAL 65536 NEXT 1048576 MINEXTENTS 1 MAXEXTENTS 2147483645
  PCTINCREASE 0 FREELISTS 1 FREELIST GROUPS 1 BUFFER_POOL DEFAULT FLASH_CACHE DEFAULT CELL_FLASH_CACHE DEFAULT)
  TABLESPACE "USERS" ;
--------------------------------------------------------
--  DDL for Index SVMAYUDA_PK
--------------------------------------------------------

  CREATE UNIQUE INDEX "COFFEEJAVA"."SVMAYUDA_PK" ON "COFFEEJAVA"."SVMAYUDA" ("IDSVM") 
  PCTFREE 10 INITRANS 2 MAXTRANS 255 COMPUTE STATISTICS 
  STORAGE(INITIAL 65536 NEXT 1048576 MINEXTENTS 1 MAXEXTENTS 2147483645
  PCTINCREASE 0 FREELISTS 1 FREELIST GROUPS 1 BUFFER_POOL DEFAULT FLASH_CACHE DEFAULT CELL_FLASH_CACHE DEFAULT)
  TABLESPACE "USERS" ;
--------------------------------------------------------
--  DDL for Index SVCL_PK
--------------------------------------------------------

  CREATE UNIQUE INDEX "COFFEEJAVA"."SVCL_PK" ON "COFFEEJAVA"."SVCL" ("IDSVCL") 
  PCTFREE 10 INITRANS 2 MAXTRANS 255 COMPUTE STATISTICS 
  STORAGE(INITIAL 65536 NEXT 1048576 MINEXTENTS 1 MAXEXTENTS 2147483645
  PCTINCREASE 0 FREELISTS 1 FREELIST GROUPS 1 BUFFER_POOL DEFAULT FLASH_CACHE DEFAULT CELL_FLASH_CACHE DEFAULT)
  TABLESPACE "USERS" ;
--------------------------------------------------------
--  DDL for Index SVCAPA_PK
--------------------------------------------------------

  CREATE UNIQUE INDEX "COFFEEJAVA"."SVCAPA_PK" ON "COFFEEJAVA"."SVCAPA" ("IDSVC") 
  PCTFREE 10 INITRANS 2 MAXTRANS 255 COMPUTE STATISTICS 
  STORAGE(INITIAL 65536 NEXT 1048576 MINEXTENTS 1 MAXEXTENTS 2147483645
  PCTINCREASE 0 FREELISTS 1 FREELIST GROUPS 1 BUFFER_POOL DEFAULT FLASH_CACHE DEFAULT CELL_FLASH_CACHE DEFAULT)
  TABLESPACE "USERS" ;
--------------------------------------------------------
--  DDL for Index SVASES_PK
--------------------------------------------------------

  CREATE UNIQUE INDEX "COFFEEJAVA"."SVASES_PK" ON "COFFEEJAVA"."SVASES" ("IDSVA") 
  PCTFREE 10 INITRANS 2 MAXTRANS 255 COMPUTE STATISTICS 
  STORAGE(INITIAL 65536 NEXT 1048576 MINEXTENTS 1 MAXEXTENTS 2147483645
  PCTINCREASE 0 FREELISTS 1 FREELIST GROUPS 1 BUFFER_POOL DEFAULT FLASH_CACHE DEFAULT CELL_FLASH_CACHE DEFAULT)
  TABLESPACE "USERS" ;
--------------------------------------------------------
--  DDL for Index ROL_PK
--------------------------------------------------------

  CREATE UNIQUE INDEX "COFFEEJAVA"."ROL_PK" ON "COFFEEJAVA"."ROL" ("IDROL") 
  PCTFREE 10 INITRANS 2 MAXTRANS 255 COMPUTE STATISTICS 
  STORAGE(INITIAL 65536 NEXT 1048576 MINEXTENTS 1 MAXEXTENTS 2147483645
  PCTINCREASE 0 FREELISTS 1 FREELIST GROUPS 1 BUFFER_POOL DEFAULT FLASH_CACHE DEFAULT CELL_FLASH_CACHE DEFAULT)
  TABLESPACE "USERS" ;
--------------------------------------------------------
--  DDL for Index PERSONA_PK
--------------------------------------------------------

  CREATE UNIQUE INDEX "COFFEEJAVA"."PERSONA_PK" ON "COFFEEJAVA"."PERSONA" ("RUTPER") 
  PCTFREE 10 INITRANS 2 MAXTRANS 255 COMPUTE STATISTICS 
  STORAGE(INITIAL 65536 NEXT 1048576 MINEXTENTS 1 MAXEXTENTS 2147483645
  PCTINCREASE 0 FREELISTS 1 FREELIST GROUPS 1 BUFFER_POOL DEFAULT FLASH_CACHE DEFAULT CELL_FLASH_CACHE DEFAULT)
  TABLESPACE "USERS" ;
--------------------------------------------------------
--  DDL for Index PAGO_PK
--------------------------------------------------------

  CREATE UNIQUE INDEX "COFFEEJAVA"."PAGO_PK" ON "COFFEEJAVA"."PAGO" ("IDPAG") 
  PCTFREE 10 INITRANS 2 MAXTRANS 255 COMPUTE STATISTICS 
  STORAGE(INITIAL 65536 NEXT 1048576 MINEXTENTS 1 MAXEXTENTS 2147483645
  PCTINCREASE 0 FREELISTS 1 FREELIST GROUPS 1 BUFFER_POOL DEFAULT FLASH_CACHE DEFAULT CELL_FLASH_CACHE DEFAULT)
  TABLESPACE "USERS" ;
--------------------------------------------------------
--  DDL for Index ESTPAGO_PK
--------------------------------------------------------

  CREATE UNIQUE INDEX "COFFEEJAVA"."ESTPAGO_PK" ON "COFFEEJAVA"."ESTPAGO" ("IDESTP") 
  PCTFREE 10 INITRANS 2 MAXTRANS 255 COMPUTE STATISTICS 
  STORAGE(INITIAL 65536 NEXT 1048576 MINEXTENTS 1 MAXEXTENTS 2147483645
  PCTINCREASE 0 FREELISTS 1 FREELIST GROUPS 1 BUFFER_POOL DEFAULT FLASH_CACHE DEFAULT CELL_FLASH_CACHE DEFAULT)
  TABLESPACE "USERS" ;
--------------------------------------------------------
--  DDL for Index CONTRATO__IDX
--------------------------------------------------------

  CREATE UNIQUE INDEX "COFFEEJAVA"."CONTRATO__IDX" ON "COFFEEJAVA"."CONTRATO" ("PERSONA_RUTPER") 
  PCTFREE 10 INITRANS 2 MAXTRANS 255 COMPUTE STATISTICS 
  STORAGE(INITIAL 65536 NEXT 1048576 MINEXTENTS 1 MAXEXTENTS 2147483645
  PCTINCREASE 0 FREELISTS 1 FREELIST GROUPS 1 BUFFER_POOL DEFAULT FLASH_CACHE DEFAULT CELL_FLASH_CACHE DEFAULT)
  TABLESPACE "USERS" ;
--------------------------------------------------------
--  DDL for Index CONTRATO_PK
--------------------------------------------------------

  CREATE UNIQUE INDEX "COFFEEJAVA"."CONTRATO_PK" ON "COFFEEJAVA"."CONTRATO" ("IDCON") 
  PCTFREE 10 INITRANS 2 MAXTRANS 255 COMPUTE STATISTICS 
  STORAGE(INITIAL 65536 NEXT 1048576 MINEXTENTS 1 MAXEXTENTS 2147483645
  PCTINCREASE 0 FREELISTS 1 FREELIST GROUPS 1 BUFFER_POOL DEFAULT FLASH_CACHE DEFAULT CELL_FLASH_CACHE DEFAULT)
  TABLESPACE "USERS" ;
--------------------------------------------------------
--  DDL for Index ACC_PK
--------------------------------------------------------

  CREATE UNIQUE INDEX "COFFEEJAVA"."ACC_PK" ON "COFFEEJAVA"."ACC" ("IDACC") 
  PCTFREE 10 INITRANS 2 MAXTRANS 255 COMPUTE STATISTICS 
  STORAGE(INITIAL 65536 NEXT 1048576 MINEXTENTS 1 MAXEXTENTS 2147483645
  PCTINCREASE 0 FREELISTS 1 FREELIST GROUPS 1 BUFFER_POOL DEFAULT FLASH_CACHE DEFAULT CELL_FLASH_CACHE DEFAULT)
  TABLESPACE "USERS" ;
--------------------------------------------------------
--  DDL for Trigger USUARIO_TRG
--------------------------------------------------------

  CREATE OR REPLACE TRIGGER "COFFEEJAVA"."USUARIO_TRG" 
BEFORE INSERT ON USUARIO 
FOR EACH ROW 
BEGIN
  <<COLUMN_SEQUENCES>>
  BEGIN
    IF INSERTING AND :NEW.IDUSU IS NULL THEN
      SELECT USUARIO_SEQ.NEXTVAL INTO :NEW.IDUSU FROM SYS.DUAL;
    END IF;
  END COLUMN_SEQUENCES;
END;
/
ALTER TRIGGER "COFFEEJAVA"."USUARIO_TRG" ENABLE;
--------------------------------------------------------
--  DDL for Trigger TRACAP_TRG
--------------------------------------------------------

  CREATE OR REPLACE TRIGGER "COFFEEJAVA"."TRACAP_TRG" 
BEFORE INSERT ON TRACAP 
FOR EACH ROW 
BEGIN
  <<COLUMN_SEQUENCES>>
  BEGIN
    NULL;
  END COLUMN_SEQUENCES;
END;
/
ALTER TRIGGER "COFFEEJAVA"."TRACAP_TRG" ENABLE;
--------------------------------------------------------
--  DDL for Trigger TRAACC_TRG
--------------------------------------------------------

  CREATE OR REPLACE TRIGGER "COFFEEJAVA"."TRAACC_TRG" 
BEFORE INSERT ON TRAACC 
FOR EACH ROW 
BEGIN
  <<COLUMN_SEQUENCES>>
  BEGIN
    NULL;
  END COLUMN_SEQUENCES;
END;
/
ALTER TRIGGER "COFFEEJAVA"."TRAACC_TRG" ENABLE;
--------------------------------------------------------
--  DDL for Trigger TPERSONA_TRG
--------------------------------------------------------

  CREATE OR REPLACE TRIGGER "COFFEEJAVA"."TPERSONA_TRG" 
BEFORE INSERT ON TPERSONA 
FOR EACH ROW 
BEGIN
  <<COLUMN_SEQUENCES>>
  BEGIN
    IF INSERTING AND :NEW.IDTPER IS NULL THEN
      SELECT TPERSONA_SEQ.NEXTVAL INTO :NEW.IDTPER FROM SYS.DUAL;
    END IF;
  END COLUMN_SEQUENCES;
END;
/
ALTER TRIGGER "COFFEEJAVA"."TPERSONA_TRG" ENABLE;
--------------------------------------------------------
--  DDL for Trigger TCONTRATO_TRG
--------------------------------------------------------

  CREATE OR REPLACE TRIGGER "COFFEEJAVA"."TCONTRATO_TRG" 
BEFORE INSERT ON TCONTRATO 
FOR EACH ROW 
BEGIN
  <<COLUMN_SEQUENCES>>
  BEGIN
    IF INSERTING AND :NEW.IDTCON IS NULL THEN
      SELECT TCONTRATO_SEQ.NEXTVAL INTO :NEW.IDTCON FROM SYS.DUAL;
    END IF;
  END COLUMN_SEQUENCES;
END;
/
ALTER TRIGGER "COFFEEJAVA"."TCONTRATO_TRG" ENABLE;
--------------------------------------------------------
--  DDL for Trigger SVVISI_TRG
--------------------------------------------------------

  CREATE OR REPLACE TRIGGER "COFFEEJAVA"."SVVISI_TRG" 
BEFORE INSERT ON SVVISI 
FOR EACH ROW 
BEGIN
  <<COLUMN_SEQUENCES>>
  BEGIN
    IF INSERTING AND :NEW.IDSVVIS IS NULL THEN
      SELECT SVVISI_SEQ.NEXTVAL INTO :NEW.IDSVVIS FROM SYS.DUAL;
    END IF;
  END COLUMN_SEQUENCES;
END;
/
ALTER TRIGGER "COFFEEJAVA"."SVVISI_TRG" ENABLE;
--------------------------------------------------------
--  DDL for Trigger SVMAYUDA_TRG
--------------------------------------------------------

  CREATE OR REPLACE TRIGGER "COFFEEJAVA"."SVMAYUDA_TRG" 
BEFORE INSERT ON SVMAYUDA 
FOR EACH ROW 
BEGIN
  <<COLUMN_SEQUENCES>>
  BEGIN
    IF INSERTING AND :NEW.IDSVM IS NULL THEN
      SELECT SVMAYUDA_SEQ.NEXTVAL INTO :NEW.IDSVM FROM SYS.DUAL;
    END IF;
  END COLUMN_SEQUENCES;
END;
/
ALTER TRIGGER "COFFEEJAVA"."SVMAYUDA_TRG" ENABLE;
--------------------------------------------------------
--  DDL for Trigger SVCL_TRG
--------------------------------------------------------

  CREATE OR REPLACE TRIGGER "COFFEEJAVA"."SVCL_TRG" 
BEFORE INSERT ON SVCL 
FOR EACH ROW 
BEGIN
  <<COLUMN_SEQUENCES>>
  BEGIN
    IF INSERTING AND :NEW.IDSVCL IS NULL THEN
      SELECT SVCL_SEQ.NEXTVAL INTO :NEW.IDSVCL FROM SYS.DUAL;
    END IF;
  END COLUMN_SEQUENCES;
END;
/
ALTER TRIGGER "COFFEEJAVA"."SVCL_TRG" ENABLE;
--------------------------------------------------------
--  DDL for Trigger SVCAPA_TRG
--------------------------------------------------------

  CREATE OR REPLACE TRIGGER "COFFEEJAVA"."SVCAPA_TRG" 
BEFORE INSERT ON SVCAPA 
FOR EACH ROW 
BEGIN
  <<COLUMN_SEQUENCES>>
  BEGIN
    IF INSERTING AND :NEW.IDSVC IS NULL THEN
      SELECT SVCAPA_SEQ.NEXTVAL INTO :NEW.IDSVC FROM SYS.DUAL;
    END IF;
  END COLUMN_SEQUENCES;
END;
/
ALTER TRIGGER "COFFEEJAVA"."SVCAPA_TRG" ENABLE;
--------------------------------------------------------
--  DDL for Trigger SVASES_TRG
--------------------------------------------------------

  CREATE OR REPLACE TRIGGER "COFFEEJAVA"."SVASES_TRG" 
BEFORE INSERT ON SVASES 
FOR EACH ROW 
BEGIN
  <<COLUMN_SEQUENCES>>
  BEGIN
    IF INSERTING AND :NEW.IDSVA IS NULL THEN
      SELECT SVASES_SEQ.NEXTVAL INTO :NEW.IDSVA FROM SYS.DUAL;
    END IF;
  END COLUMN_SEQUENCES;
END;
/
ALTER TRIGGER "COFFEEJAVA"."SVASES_TRG" ENABLE;
--------------------------------------------------------
--  DDL for Trigger ROL_TRG
--------------------------------------------------------

  CREATE OR REPLACE TRIGGER "COFFEEJAVA"."ROL_TRG" 
BEFORE INSERT ON ROL 
FOR EACH ROW 
BEGIN
  <<COLUMN_SEQUENCES>>
  BEGIN
    IF INSERTING AND :NEW.IDROL IS NULL THEN
      SELECT ROL_SEQ.NEXTVAL INTO :NEW.IDROL FROM SYS.DUAL;
    END IF;
  END COLUMN_SEQUENCES;
END;
/
ALTER TRIGGER "COFFEEJAVA"."ROL_TRG" ENABLE;
--------------------------------------------------------
--  DDL for Trigger PAGO_TRG
--------------------------------------------------------

  CREATE OR REPLACE TRIGGER "COFFEEJAVA"."PAGO_TRG" 
BEFORE INSERT ON PAGO 
FOR EACH ROW 
BEGIN
  <<COLUMN_SEQUENCES>>
  BEGIN
    NULL;
  END COLUMN_SEQUENCES;
END;
/
ALTER TRIGGER "COFFEEJAVA"."PAGO_TRG" ENABLE;
--------------------------------------------------------
--  DDL for Trigger ESTPAGO_TRG
--------------------------------------------------------

  CREATE OR REPLACE TRIGGER "COFFEEJAVA"."ESTPAGO_TRG" 
BEFORE INSERT ON ESTPAGO 
FOR EACH ROW 
BEGIN
  <<COLUMN_SEQUENCES>>
  BEGIN
    IF INSERTING AND :NEW.IDESTP IS NULL THEN
      SELECT ESTPAGO_SEQ.NEXTVAL INTO :NEW.IDESTP FROM SYS.DUAL;
    END IF;
  END COLUMN_SEQUENCES;
END;
/
ALTER TRIGGER "COFFEEJAVA"."ESTPAGO_TRG" ENABLE;
--------------------------------------------------------
--  DDL for Trigger CONTRATO_TRG
--------------------------------------------------------

  CREATE OR REPLACE TRIGGER "COFFEEJAVA"."CONTRATO_TRG" 
BEFORE INSERT ON CONTRATO 
FOR EACH ROW 
BEGIN
  <<COLUMN_SEQUENCES>>
  BEGIN
    IF INSERTING AND :NEW.IDCON IS NULL THEN
      SELECT CONTRATO_SEQ.NEXTVAL INTO :NEW.IDCON FROM SYS.DUAL;
    END IF;
  END COLUMN_SEQUENCES;
END;
/
ALTER TRIGGER "COFFEEJAVA"."CONTRATO_TRG" ENABLE;
--------------------------------------------------------
--  DDL for Trigger ACC_TRG
--------------------------------------------------------

  CREATE OR REPLACE TRIGGER "COFFEEJAVA"."ACC_TRG" 
BEFORE INSERT ON ACC 
FOR EACH ROW 
BEGIN
  <<COLUMN_SEQUENCES>>
  BEGIN
    IF INSERTING AND :NEW.IDACC IS NULL THEN
      SELECT ACC_SEQ.NEXTVAL INTO :NEW.IDACC FROM SYS.DUAL;
    END IF;
  END COLUMN_SEQUENCES;
END;
/
ALTER TRIGGER "COFFEEJAVA"."ACC_TRG" ENABLE;
--------------------------------------------------------
--  Constraints for Table USUARIO
--------------------------------------------------------

  ALTER TABLE "COFFEEJAVA"."USUARIO" ADD CONSTRAINT "USUARIO_PK" PRIMARY KEY ("IDUSU")
  USING INDEX PCTFREE 10 INITRANS 2 MAXTRANS 255 COMPUTE STATISTICS 
  STORAGE(INITIAL 65536 NEXT 1048576 MINEXTENTS 1 MAXEXTENTS 2147483645
  PCTINCREASE 0 FREELISTS 1 FREELIST GROUPS 1 BUFFER_POOL DEFAULT FLASH_CACHE DEFAULT CELL_FLASH_CACHE DEFAULT)
  TABLESPACE "USERS"  ENABLE;
  ALTER TABLE "COFFEEJAVA"."USUARIO" MODIFY ("ROL_IDROL" NOT NULL ENABLE);
  ALTER TABLE "COFFEEJAVA"."USUARIO" MODIFY ("PWUSU" NOT NULL ENABLE);
  ALTER TABLE "COFFEEJAVA"."USUARIO" MODIFY ("NOMUSU" NOT NULL ENABLE);
  ALTER TABLE "COFFEEJAVA"."USUARIO" MODIFY ("IDUSU" NOT NULL ENABLE);
--------------------------------------------------------
--  Constraints for Table TRACAP
--------------------------------------------------------

  ALTER TABLE "COFFEEJAVA"."TRACAP" ADD CONSTRAINT "TRACAP_PK" PRIMARY KEY ("IDTRAC")
  USING INDEX PCTFREE 10 INITRANS 2 MAXTRANS 255 COMPUTE STATISTICS 
  STORAGE(INITIAL 65536 NEXT 1048576 MINEXTENTS 1 MAXEXTENTS 2147483645
  PCTINCREASE 0 FREELISTS 1 FREELIST GROUPS 1 BUFFER_POOL DEFAULT FLASH_CACHE DEFAULT CELL_FLASH_CACHE DEFAULT)
  TABLESPACE "USERS"  ENABLE;
  ALTER TABLE "COFFEEJAVA"."TRACAP" MODIFY ("RUTTRAC" NOT NULL ENABLE);
  ALTER TABLE "COFFEEJAVA"."TRACAP" MODIFY ("IDTRAC" NOT NULL ENABLE);
--------------------------------------------------------
--  Constraints for Table TRAACC
--------------------------------------------------------

  ALTER TABLE "COFFEEJAVA"."TRAACC" ADD CONSTRAINT "TRAACC_PK" PRIMARY KEY ("IDTACC")
  USING INDEX PCTFREE 10 INITRANS 2 MAXTRANS 255 COMPUTE STATISTICS 
  STORAGE(INITIAL 65536 NEXT 1048576 MINEXTENTS 1 MAXEXTENTS 2147483645
  PCTINCREASE 0 FREELISTS 1 FREELIST GROUPS 1 BUFFER_POOL DEFAULT FLASH_CACHE DEFAULT CELL_FLASH_CACHE DEFAULT)
  TABLESPACE "USERS"  ENABLE;
  ALTER TABLE "COFFEEJAVA"."TRAACC" MODIFY ("RUTTRATACC" NOT NULL ENABLE);
  ALTER TABLE "COFFEEJAVA"."TRAACC" MODIFY ("IDTACC" NOT NULL ENABLE);
--------------------------------------------------------
--  Constraints for Table TPERSONA
--------------------------------------------------------

  ALTER TABLE "COFFEEJAVA"."TPERSONA" ADD CONSTRAINT "TPERSONA_PK" PRIMARY KEY ("IDTPER")
  USING INDEX PCTFREE 10 INITRANS 2 MAXTRANS 255 COMPUTE STATISTICS 
  STORAGE(INITIAL 65536 NEXT 1048576 MINEXTENTS 1 MAXEXTENTS 2147483645
  PCTINCREASE 0 FREELISTS 1 FREELIST GROUPS 1 BUFFER_POOL DEFAULT FLASH_CACHE DEFAULT CELL_FLASH_CACHE DEFAULT)
  TABLESPACE "USERS"  ENABLE;
  ALTER TABLE "COFFEEJAVA"."TPERSONA" MODIFY ("NOMTPER" NOT NULL ENABLE);
  ALTER TABLE "COFFEEJAVA"."TPERSONA" MODIFY ("IDTPER" NOT NULL ENABLE);
--------------------------------------------------------
--  Constraints for Table TCONTRATO
--------------------------------------------------------

  ALTER TABLE "COFFEEJAVA"."TCONTRATO" ADD CONSTRAINT "TCONTRATO_PK" PRIMARY KEY ("IDTCON")
  USING INDEX PCTFREE 10 INITRANS 2 MAXTRANS 255 COMPUTE STATISTICS 
  STORAGE(INITIAL 65536 NEXT 1048576 MINEXTENTS 1 MAXEXTENTS 2147483645
  PCTINCREASE 0 FREELISTS 1 FREELIST GROUPS 1 BUFFER_POOL DEFAULT FLASH_CACHE DEFAULT CELL_FLASH_CACHE DEFAULT)
  TABLESPACE "USERS"  ENABLE;
  ALTER TABLE "COFFEEJAVA"."TCONTRATO" MODIFY ("DESCTCON" NOT NULL ENABLE);
  ALTER TABLE "COFFEEJAVA"."TCONTRATO" MODIFY ("IDTCON" NOT NULL ENABLE);
--------------------------------------------------------
--  Constraints for Table SVVISI
--------------------------------------------------------

  ALTER TABLE "COFFEEJAVA"."SVVISI" ADD CONSTRAINT "SVVISI_PK" PRIMARY KEY ("IDSVVIS")
  USING INDEX PCTFREE 10 INITRANS 2 MAXTRANS 255 COMPUTE STATISTICS 
  STORAGE(INITIAL 65536 NEXT 1048576 MINEXTENTS 1 MAXEXTENTS 2147483645
  PCTINCREASE 0 FREELISTS 1 FREELIST GROUPS 1 BUFFER_POOL DEFAULT FLASH_CACHE DEFAULT CELL_FLASH_CACHE DEFAULT)
  TABLESPACE "USERS"  ENABLE;
  ALTER TABLE "COFFEEJAVA"."SVVISI" MODIFY ("CONTRATO_IDCON" NOT NULL ENABLE);
  ALTER TABLE "COFFEEJAVA"."SVVISI" MODIFY ("DESCSVV" NOT NULL ENABLE);
  ALTER TABLE "COFFEEJAVA"."SVVISI" MODIFY ("IDSVVIS" NOT NULL ENABLE);
--------------------------------------------------------
--  Constraints for Table SVMAYUDA
--------------------------------------------------------

  ALTER TABLE "COFFEEJAVA"."SVMAYUDA" ADD CONSTRAINT "SVMAYUDA_PK" PRIMARY KEY ("IDSVM")
  USING INDEX PCTFREE 10 INITRANS 2 MAXTRANS 255 COMPUTE STATISTICS 
  STORAGE(INITIAL 65536 NEXT 1048576 MINEXTENTS 1 MAXEXTENTS 2147483645
  PCTINCREASE 0 FREELISTS 1 FREELIST GROUPS 1 BUFFER_POOL DEFAULT FLASH_CACHE DEFAULT CELL_FLASH_CACHE DEFAULT)
  TABLESPACE "USERS"  ENABLE;
  ALTER TABLE "COFFEEJAVA"."SVMAYUDA" MODIFY ("CONTRATO_IDCON" NOT NULL ENABLE);
  ALTER TABLE "COFFEEJAVA"."SVMAYUDA" MODIFY ("DESCSVM" NOT NULL ENABLE);
  ALTER TABLE "COFFEEJAVA"."SVMAYUDA" MODIFY ("IDSVM" NOT NULL ENABLE);
  ALTER TABLE "COFFEEJAVA"."SVMAYUDA" MODIFY ("DURASVM" NOT NULL ENABLE);
--------------------------------------------------------
--  Constraints for Table SVCL
--------------------------------------------------------

  ALTER TABLE "COFFEEJAVA"."SVCL" ADD CONSTRAINT "SVCL_PK" PRIMARY KEY ("IDSVCL")
  USING INDEX PCTFREE 10 INITRANS 2 MAXTRANS 255 COMPUTE STATISTICS 
  STORAGE(INITIAL 65536 NEXT 1048576 MINEXTENTS 1 MAXEXTENTS 2147483645
  PCTINCREASE 0 FREELISTS 1 FREELIST GROUPS 1 BUFFER_POOL DEFAULT FLASH_CACHE DEFAULT CELL_FLASH_CACHE DEFAULT)
  TABLESPACE "USERS"  ENABLE;
  ALTER TABLE "COFFEEJAVA"."SVCL" MODIFY ("PERSONA_RUTPER" NOT NULL ENABLE);
  ALTER TABLE "COFFEEJAVA"."SVCL" MODIFY ("ESTSVCL" NOT NULL ENABLE);
  ALTER TABLE "COFFEEJAVA"."SVCL" MODIFY ("DESCSVCL" NOT NULL ENABLE);
  ALTER TABLE "COFFEEJAVA"."SVCL" MODIFY ("IDSVCL" NOT NULL ENABLE);
--------------------------------------------------------
--  Constraints for Table SVCAPA
--------------------------------------------------------

  ALTER TABLE "COFFEEJAVA"."SVCAPA" ADD CONSTRAINT "SVCAPA_PK" PRIMARY KEY ("IDSVC")
  USING INDEX PCTFREE 10 INITRANS 2 MAXTRANS 255 COMPUTE STATISTICS 
  STORAGE(INITIAL 65536 NEXT 1048576 MINEXTENTS 1 MAXEXTENTS 2147483645
  PCTINCREASE 0 FREELISTS 1 FREELIST GROUPS 1 BUFFER_POOL DEFAULT FLASH_CACHE DEFAULT CELL_FLASH_CACHE DEFAULT)
  TABLESPACE "USERS"  ENABLE;
  ALTER TABLE "COFFEEJAVA"."SVCAPA" MODIFY ("CONTRATO_IDCON" NOT NULL ENABLE);
  ALTER TABLE "COFFEEJAVA"."SVCAPA" MODIFY ("CANTSVC" NOT NULL ENABLE);
  ALTER TABLE "COFFEEJAVA"."SVCAPA" MODIFY ("IDSVC" NOT NULL ENABLE);
--------------------------------------------------------
--  Constraints for Table SVASES
--------------------------------------------------------

  ALTER TABLE "COFFEEJAVA"."SVASES" ADD CONSTRAINT "SVASES_PK" PRIMARY KEY ("IDSVA")
  USING INDEX PCTFREE 10 INITRANS 2 MAXTRANS 255 COMPUTE STATISTICS 
  STORAGE(INITIAL 65536 NEXT 1048576 MINEXTENTS 1 MAXEXTENTS 2147483645
  PCTINCREASE 0 FREELISTS 1 FREELIST GROUPS 1 BUFFER_POOL DEFAULT FLASH_CACHE DEFAULT CELL_FLASH_CACHE DEFAULT)
  TABLESPACE "USERS"  ENABLE;
  ALTER TABLE "COFFEEJAVA"."SVASES" MODIFY ("CONTRATO_IDCON" NOT NULL ENABLE);
  ALTER TABLE "COFFEEJAVA"."SVASES" MODIFY ("DESCSVA" NOT NULL ENABLE);
  ALTER TABLE "COFFEEJAVA"."SVASES" MODIFY ("IDSVA" NOT NULL ENABLE);
--------------------------------------------------------
--  Constraints for Table ROL
--------------------------------------------------------

  ALTER TABLE "COFFEEJAVA"."ROL" ADD CONSTRAINT "ROL_PK" PRIMARY KEY ("IDROL")
  USING INDEX PCTFREE 10 INITRANS 2 MAXTRANS 255 COMPUTE STATISTICS 
  STORAGE(INITIAL 65536 NEXT 1048576 MINEXTENTS 1 MAXEXTENTS 2147483645
  PCTINCREASE 0 FREELISTS 1 FREELIST GROUPS 1 BUFFER_POOL DEFAULT FLASH_CACHE DEFAULT CELL_FLASH_CACHE DEFAULT)
  TABLESPACE "USERS"  ENABLE;
  ALTER TABLE "COFFEEJAVA"."ROL" MODIFY ("NOMROL" NOT NULL ENABLE);
  ALTER TABLE "COFFEEJAVA"."ROL" MODIFY ("IDROL" NOT NULL ENABLE);
--------------------------------------------------------
--  Constraints for Table PERSONA
--------------------------------------------------------

  ALTER TABLE "COFFEEJAVA"."PERSONA" ADD CONSTRAINT "PERSONA_PK" PRIMARY KEY ("RUTPER")
  USING INDEX PCTFREE 10 INITRANS 2 MAXTRANS 255 COMPUTE STATISTICS 
  STORAGE(INITIAL 65536 NEXT 1048576 MINEXTENTS 1 MAXEXTENTS 2147483645
  PCTINCREASE 0 FREELISTS 1 FREELIST GROUPS 1 BUFFER_POOL DEFAULT FLASH_CACHE DEFAULT CELL_FLASH_CACHE DEFAULT)
  TABLESPACE "USERS"  ENABLE;
  ALTER TABLE "COFFEEJAVA"."PERSONA" MODIFY ("CORREOPER" NOT NULL ENABLE);
  ALTER TABLE "COFFEEJAVA"."PERSONA" MODIFY ("DIRPER" NOT NULL ENABLE);
  ALTER TABLE "COFFEEJAVA"."PERSONA" MODIFY ("NOMPER" NOT NULL ENABLE);
  ALTER TABLE "COFFEEJAVA"."PERSONA" MODIFY ("RUTPER" NOT NULL ENABLE);
--------------------------------------------------------
--  Constraints for Table PAGO
--------------------------------------------------------

  ALTER TABLE "COFFEEJAVA"."PAGO" ADD CONSTRAINT "PAGO_PK" PRIMARY KEY ("IDPAG")
  USING INDEX PCTFREE 10 INITRANS 2 MAXTRANS 255 COMPUTE STATISTICS 
  STORAGE(INITIAL 65536 NEXT 1048576 MINEXTENTS 1 MAXEXTENTS 2147483645
  PCTINCREASE 0 FREELISTS 1 FREELIST GROUPS 1 BUFFER_POOL DEFAULT FLASH_CACHE DEFAULT CELL_FLASH_CACHE DEFAULT)
  TABLESPACE "USERS"  ENABLE;
  ALTER TABLE "COFFEEJAVA"."PAGO" MODIFY ("ESTPAGO_IDESTP" NOT NULL ENABLE);
  ALTER TABLE "COFFEEJAVA"."PAGO" MODIFY ("DETPAG" NOT NULL ENABLE);
  ALTER TABLE "COFFEEJAVA"."PAGO" MODIFY ("VALORPAG" NOT NULL ENABLE);
  ALTER TABLE "COFFEEJAVA"."PAGO" MODIFY ("IDPAG" NOT NULL ENABLE);
--------------------------------------------------------
--  Constraints for Table ESTPAGO
--------------------------------------------------------

  ALTER TABLE "COFFEEJAVA"."ESTPAGO" ADD CONSTRAINT "ESTPAGO_PK" PRIMARY KEY ("IDESTP")
  USING INDEX PCTFREE 10 INITRANS 2 MAXTRANS 255 COMPUTE STATISTICS 
  STORAGE(INITIAL 65536 NEXT 1048576 MINEXTENTS 1 MAXEXTENTS 2147483645
  PCTINCREASE 0 FREELISTS 1 FREELIST GROUPS 1 BUFFER_POOL DEFAULT FLASH_CACHE DEFAULT CELL_FLASH_CACHE DEFAULT)
  TABLESPACE "USERS"  ENABLE;
  ALTER TABLE "COFFEEJAVA"."ESTPAGO" MODIFY ("IDESTP" NOT NULL ENABLE);
--------------------------------------------------------
--  Constraints for Table CONTRATO
--------------------------------------------------------

  ALTER TABLE "COFFEEJAVA"."CONTRATO" ADD CONSTRAINT "CONTRATO_PK" PRIMARY KEY ("IDCON")
  USING INDEX PCTFREE 10 INITRANS 2 MAXTRANS 255 COMPUTE STATISTICS 
  STORAGE(INITIAL 65536 NEXT 1048576 MINEXTENTS 1 MAXEXTENTS 2147483645
  PCTINCREASE 0 FREELISTS 1 FREELIST GROUPS 1 BUFFER_POOL DEFAULT FLASH_CACHE DEFAULT CELL_FLASH_CACHE DEFAULT)
  TABLESPACE "USERS"  ENABLE;
  ALTER TABLE "COFFEEJAVA"."CONTRATO" MODIFY ("TCONTRATO_IDTCON" NOT NULL ENABLE);
  ALTER TABLE "COFFEEJAVA"."CONTRATO" MODIFY ("IDCON" NOT NULL ENABLE);
--------------------------------------------------------
--  Constraints for Table ACC
--------------------------------------------------------

  ALTER TABLE "COFFEEJAVA"."ACC" ADD CONSTRAINT "ACC_PK" PRIMARY KEY ("IDACC")
  USING INDEX PCTFREE 10 INITRANS 2 MAXTRANS 255 COMPUTE STATISTICS 
  STORAGE(INITIAL 65536 NEXT 1048576 MINEXTENTS 1 MAXEXTENTS 2147483645
  PCTINCREASE 0 FREELISTS 1 FREELIST GROUPS 1 BUFFER_POOL DEFAULT FLASH_CACHE DEFAULT CELL_FLASH_CACHE DEFAULT)
  TABLESPACE "USERS"  ENABLE;
  ALTER TABLE "COFFEEJAVA"."ACC" MODIFY ("PERSONA_RUTPER" NOT NULL ENABLE);
  ALTER TABLE "COFFEEJAVA"."ACC" MODIFY ("DESCACC" NOT NULL ENABLE);
  ALTER TABLE "COFFEEJAVA"."ACC" MODIFY ("IDACC" NOT NULL ENABLE);
--------------------------------------------------------
--  Ref Constraints for Table USUARIO
--------------------------------------------------------

  ALTER TABLE "COFFEEJAVA"."USUARIO" ADD CONSTRAINT "USUARIO_PERSONA_FK" FOREIGN KEY ("PERSONA_RUTPER")
	  REFERENCES "COFFEEJAVA"."PERSONA" ("RUTPER") ENABLE;
  ALTER TABLE "COFFEEJAVA"."USUARIO" ADD CONSTRAINT "USUARIO_ROL_FK" FOREIGN KEY ("ROL_IDROL")
	  REFERENCES "COFFEEJAVA"."ROL" ("IDROL") ENABLE;
--------------------------------------------------------
--  Ref Constraints for Table SVVISI
--------------------------------------------------------

  ALTER TABLE "COFFEEJAVA"."SVVISI" ADD CONSTRAINT "SVVISI_CONTRATO_FK" FOREIGN KEY ("CONTRATO_IDCON")
	  REFERENCES "COFFEEJAVA"."CONTRATO" ("IDCON") ENABLE;
--------------------------------------------------------
--  Ref Constraints for Table SVMAYUDA
--------------------------------------------------------

  ALTER TABLE "COFFEEJAVA"."SVMAYUDA" ADD CONSTRAINT "SVMAYUDA_CONTRATO_FK" FOREIGN KEY ("CONTRATO_IDCON")
	  REFERENCES "COFFEEJAVA"."CONTRATO" ("IDCON") ENABLE;
--------------------------------------------------------
--  Ref Constraints for Table SVCL
--------------------------------------------------------

  ALTER TABLE "COFFEEJAVA"."SVCL" ADD CONSTRAINT "SVCL_PERSONA_FK" FOREIGN KEY ("PERSONA_RUTPER")
	  REFERENCES "COFFEEJAVA"."PERSONA" ("RUTPER") ENABLE;
--------------------------------------------------------
--  Ref Constraints for Table SVCAPA
--------------------------------------------------------

  ALTER TABLE "COFFEEJAVA"."SVCAPA" ADD CONSTRAINT "SVCAPA_CONTRATO_FK" FOREIGN KEY ("CONTRATO_IDCON")
	  REFERENCES "COFFEEJAVA"."CONTRATO" ("IDCON") ENABLE;
--------------------------------------------------------
--  Ref Constraints for Table SVASES
--------------------------------------------------------

  ALTER TABLE "COFFEEJAVA"."SVASES" ADD CONSTRAINT "SVASES_CONTRATO_FK" FOREIGN KEY ("CONTRATO_IDCON")
	  REFERENCES "COFFEEJAVA"."CONTRATO" ("IDCON") ENABLE;
--------------------------------------------------------
--  Ref Constraints for Table PERSONA
--------------------------------------------------------

  ALTER TABLE "COFFEEJAVA"."PERSONA" ADD CONSTRAINT "PERSONA_TPERSONA_FK" FOREIGN KEY ("TPERSONA_IDTPER")
	  REFERENCES "COFFEEJAVA"."TPERSONA" ("IDTPER") ENABLE;
--------------------------------------------------------
--  Ref Constraints for Table PAGO
--------------------------------------------------------

  ALTER TABLE "COFFEEJAVA"."PAGO" ADD CONSTRAINT "PAGO_ESTPAGO_FK" FOREIGN KEY ("ESTPAGO_IDESTP")
	  REFERENCES "COFFEEJAVA"."ESTPAGO" ("IDESTP") ENABLE;
--------------------------------------------------------
--  Ref Constraints for Table CONTRATO
--------------------------------------------------------

  ALTER TABLE "COFFEEJAVA"."CONTRATO" ADD CONSTRAINT "CONTRATO_PERSONA_FK" FOREIGN KEY ("PERSONA_RUTPER")
	  REFERENCES "COFFEEJAVA"."PERSONA" ("RUTPER") ENABLE;
  ALTER TABLE "COFFEEJAVA"."CONTRATO" ADD CONSTRAINT "CONTRATO_TCONTRATO_FK" FOREIGN KEY ("TCONTRATO_IDTCON")
	  REFERENCES "COFFEEJAVA"."TCONTRATO" ("IDTCON") ENABLE;
--------------------------------------------------------
--  Ref Constraints for Table ACC
--------------------------------------------------------

  ALTER TABLE "COFFEEJAVA"."ACC" ADD CONSTRAINT "ACC_PERSONA_FK" FOREIGN KEY ("PERSONA_RUTPER")
	  REFERENCES "COFFEEJAVA"."PERSONA" ("RUTPER") ENABLE;
