--------------------------------------------------------
-- Archivo creado  - domingo-julio-05-2020   
--------------------------------------------------------
--------------------------------------------------------
--  DDL for Sequence ACCIDENTE_SEQ6
--------------------------------------------------------

   CREATE SEQUENCE  "COFFEEJAVA"."ACCIDENTE_SEQ6"  MINVALUE 1 MAXVALUE 9999999999999999999999999999 INCREMENT BY 1 START WITH 21 CACHE 20 NOORDER  NOCYCLE ;
--------------------------------------------------------
--  DDL for Sequence DETTRX_SEQ3
--------------------------------------------------------

   CREATE SEQUENCE  "COFFEEJAVA"."DETTRX_SEQ3"  MINVALUE 1 MAXVALUE 9999999999999999999999999999 INCREMENT BY 1 START WITH 21 CACHE 20 NOORDER  NOCYCLE ;
--------------------------------------------------------
--  DDL for Sequence MENU_SEQ3
--------------------------------------------------------

   CREATE SEQUENCE  "COFFEEJAVA"."MENU_SEQ3"  MINVALUE 1 MAXVALUE 9999999999999999999999999999 INCREMENT BY 1 START WITH 21 CACHE 20 NOORDER  NOCYCLE ;
--------------------------------------------------------
--  DDL for Sequence ROL_SEQ1
--------------------------------------------------------

   CREATE SEQUENCE  "COFFEEJAVA"."ROL_SEQ1"  MINVALUE 1 MAXVALUE 9999999999999999999999999999 INCREMENT BY 1 START WITH 21 CACHE 20 NOORDER  NOCYCLE ;
--------------------------------------------------------
--  DDL for Sequence SERVICIO_SEQ3
--------------------------------------------------------

   CREATE SEQUENCE  "COFFEEJAVA"."SERVICIO_SEQ3"  MINVALUE 1 MAXVALUE 9999999999999999999999999999 INCREMENT BY 1 START WITH 21 CACHE 20 NOORDER  NOCYCLE ;
--------------------------------------------------------
--  DDL for Sequence TIPOSER_SEQ4
--------------------------------------------------------

   CREATE SEQUENCE  "COFFEEJAVA"."TIPOSER_SEQ4"  MINVALUE 1 MAXVALUE 9999999999999999999999999999 INCREMENT BY 1 START WITH 21 CACHE 20 NOORDER  NOCYCLE ;
--------------------------------------------------------
--  DDL for Sequence TRX_SEQ3
--------------------------------------------------------

   CREATE SEQUENCE  "COFFEEJAVA"."TRX_SEQ3"  MINVALUE 1 MAXVALUE 9999999999999999999999999999 INCREMENT BY 1 START WITH 21 CACHE 20 NOORDER  NOCYCLE ;
--------------------------------------------------------
--  DDL for Sequence USUARIO_SEQ3
--------------------------------------------------------

   CREATE SEQUENCE  "COFFEEJAVA"."USUARIO_SEQ3"  MINVALUE 1 MAXVALUE 9999999999999999999999999999 INCREMENT BY 1 START WITH 21 CACHE 20 NOORDER  NOCYCLE ;
--------------------------------------------------------
--  DDL for Table ACCIDENTE
--------------------------------------------------------

  CREATE TABLE "COFFEEJAVA"."ACCIDENTE" 
   (	"IDACC" NUMBER(*,0), 
	"FECHA" DATE, 
	"DETALLE" VARCHAR2(250 BYTE), 
	"CLIENTE_RUTCLI" VARCHAR2(20 BYTE)
   ) SEGMENT CREATION IMMEDIATE 
  PCTFREE 10 PCTUSED 40 INITRANS 1 MAXTRANS 255 NOCOMPRESS LOGGING
  STORAGE(INITIAL 65536 NEXT 1048576 MINEXTENTS 1 MAXEXTENTS 2147483645
  PCTINCREASE 0 FREELISTS 1 FREELIST GROUPS 1 BUFFER_POOL DEFAULT FLASH_CACHE DEFAULT CELL_FLASH_CACHE DEFAULT)
  TABLESPACE "USERS" ;
--------------------------------------------------------
--  DDL for Table CLIENTE
--------------------------------------------------------

  CREATE TABLE "COFFEEJAVA"."CLIENTE" 
   (	"RUTCLI" VARCHAR2(20 BYTE), 
	"RAZONSOCIAL" VARCHAR2(50 BYTE), 
	"DIRECCION" VARCHAR2(50 BYTE), 
	"CIUDAD" VARCHAR2(50 BYTE), 
	"RUBRO" VARCHAR2(50 BYTE), 
	"TELEFONO" VARCHAR2(50 BYTE), 
	"EMAIL" VARCHAR2(50 BYTE), 
	"ESTADOCLIENTE" CHAR(1 BYTE), 
	"OBSERVACIONES" VARCHAR2(100 BYTE), 
	"FECHACREAC" DATE, 
	"EMP_RUTEMP" VARCHAR2(20 BYTE), 
	"USUARIO_IDUSU" NUMBER(*,0)
   ) SEGMENT CREATION IMMEDIATE 
  PCTFREE 10 PCTUSED 40 INITRANS 1 MAXTRANS 255 NOCOMPRESS LOGGING
  STORAGE(INITIAL 65536 NEXT 1048576 MINEXTENTS 1 MAXEXTENTS 2147483645
  PCTINCREASE 0 FREELISTS 1 FREELIST GROUPS 1 BUFFER_POOL DEFAULT FLASH_CACHE DEFAULT CELL_FLASH_CACHE DEFAULT)
  TABLESPACE "USERS" ;
--------------------------------------------------------
--  DDL for Table DETTRX
--------------------------------------------------------

  CREATE TABLE "COFFEEJAVA"."DETTRX" 
   (	"IDDET" NUMBER(*,0), 
	"DESCRIPCION" VARCHAR2(50 BYTE), 
	"FECHASER" DATE, 
	"PRECIOSER" NUMBER(*,0), 
	"TRX_IDTRA" NUMBER(*,0), 
	"SERVICIO_IDSER" NUMBER(*,0)
   ) SEGMENT CREATION IMMEDIATE 
  PCTFREE 10 PCTUSED 40 INITRANS 1 MAXTRANS 255 NOCOMPRESS LOGGING
  STORAGE(INITIAL 65536 NEXT 1048576 MINEXTENTS 1 MAXEXTENTS 2147483645
  PCTINCREASE 0 FREELISTS 1 FREELIST GROUPS 1 BUFFER_POOL DEFAULT FLASH_CACHE DEFAULT CELL_FLASH_CACHE DEFAULT)
  TABLESPACE "USERS" ;
--------------------------------------------------------
--  DDL for Table EMP
--------------------------------------------------------

  CREATE TABLE "COFFEEJAVA"."EMP" 
   (	"RUTEMP" VARCHAR2(20 BYTE), 
	"RAZONSOCIAL" VARCHAR2(50 BYTE), 
	"DIRECCION" VARCHAR2(50 BYTE), 
	"CIUDAD" VARCHAR2(50 BYTE), 
	"TELEFONO" VARCHAR2(50 BYTE), 
	"EMAIL" VARCHAR2(50 BYTE), 
	"TIPO" VARCHAR2(50 BYTE), 
	"USUARIO_IDUSU" NUMBER(*,0)
   ) SEGMENT CREATION IMMEDIATE 
  PCTFREE 10 PCTUSED 40 INITRANS 1 MAXTRANS 255 NOCOMPRESS LOGGING
  STORAGE(INITIAL 65536 NEXT 1048576 MINEXTENTS 1 MAXEXTENTS 2147483645
  PCTINCREASE 0 FREELISTS 1 FREELIST GROUPS 1 BUFFER_POOL DEFAULT FLASH_CACHE DEFAULT CELL_FLASH_CACHE DEFAULT)
  TABLESPACE "USERS" ;
--------------------------------------------------------
--  DDL for Table MENU
--------------------------------------------------------

  CREATE TABLE "COFFEEJAVA"."MENU" 
   (	"IDMEN" NUMBER(*,0), 
	"NOMBRE" VARCHAR2(50 BYTE), 
	"URL" VARCHAR2(100 BYTE)
   ) SEGMENT CREATION IMMEDIATE 
  PCTFREE 10 PCTUSED 40 INITRANS 1 MAXTRANS 255 NOCOMPRESS LOGGING
  STORAGE(INITIAL 65536 NEXT 1048576 MINEXTENTS 1 MAXEXTENTS 2147483645
  PCTINCREASE 0 FREELISTS 1 FREELIST GROUPS 1 BUFFER_POOL DEFAULT FLASH_CACHE DEFAULT CELL_FLASH_CACHE DEFAULT)
  TABLESPACE "USERS" ;
--------------------------------------------------------
--  DDL for Table MENUROL
--------------------------------------------------------

  CREATE TABLE "COFFEEJAVA"."MENUROL" 
   (	"MENU_IDMEN" NUMBER(*,0), 
	"ROL_IDROL" NUMBER(*,0)
   ) SEGMENT CREATION IMMEDIATE 
  PCTFREE 10 PCTUSED 40 INITRANS 1 MAXTRANS 255 NOCOMPRESS LOGGING
  STORAGE(INITIAL 65536 NEXT 1048576 MINEXTENTS 1 MAXEXTENTS 2147483645
  PCTINCREASE 0 FREELISTS 1 FREELIST GROUPS 1 BUFFER_POOL DEFAULT FLASH_CACHE DEFAULT CELL_FLASH_CACHE DEFAULT)
  TABLESPACE "USERS" ;
--------------------------------------------------------
--  DDL for Table PRO
--------------------------------------------------------

  CREATE TABLE "COFFEEJAVA"."PRO" 
   (	"RUTPRO" VARCHAR2(20 BYTE), 
	"NOMBRE" VARCHAR2(50 BYTE), 
	"CARGO" VARCHAR2(50 BYTE), 
	"EMP_RUTEMP" VARCHAR2(20 BYTE), 
	"USUARIO_IDUSU" NUMBER(*,0)
   ) SEGMENT CREATION IMMEDIATE 
  PCTFREE 10 PCTUSED 40 INITRANS 1 MAXTRANS 255 NOCOMPRESS LOGGING
  STORAGE(INITIAL 65536 NEXT 1048576 MINEXTENTS 1 MAXEXTENTS 2147483645
  PCTINCREASE 0 FREELISTS 1 FREELIST GROUPS 1 BUFFER_POOL DEFAULT FLASH_CACHE DEFAULT CELL_FLASH_CACHE DEFAULT)
  TABLESPACE "USERS" ;
--------------------------------------------------------
--  DDL for Table ROL
--------------------------------------------------------

  CREATE TABLE "COFFEEJAVA"."ROL" 
   (	"IDROL" NUMBER(*,0), 
	"NOMBRE" VARCHAR2(50 BYTE)
   ) SEGMENT CREATION IMMEDIATE 
  PCTFREE 10 PCTUSED 40 INITRANS 1 MAXTRANS 255 NOCOMPRESS LOGGING
  STORAGE(INITIAL 65536 NEXT 1048576 MINEXTENTS 1 MAXEXTENTS 2147483645
  PCTINCREASE 0 FREELISTS 1 FREELIST GROUPS 1 BUFFER_POOL DEFAULT FLASH_CACHE DEFAULT CELL_FLASH_CACHE DEFAULT)
  TABLESPACE "USERS" ;
--------------------------------------------------------
--  DDL for Table SERVICIO
--------------------------------------------------------

  CREATE TABLE "COFFEEJAVA"."SERVICIO" 
   (	"IDSER" NUMBER(*,0), 
	"NOMBRE" VARCHAR2(50 BYTE), 
	"VALOR" NUMBER(*,0), 
	"TIPOSER_IDTIP" NUMBER(*,0)
   ) SEGMENT CREATION IMMEDIATE 
  PCTFREE 10 PCTUSED 40 INITRANS 1 MAXTRANS 255 NOCOMPRESS LOGGING
  STORAGE(INITIAL 65536 NEXT 1048576 MINEXTENTS 1 MAXEXTENTS 2147483645
  PCTINCREASE 0 FREELISTS 1 FREELIST GROUPS 1 BUFFER_POOL DEFAULT FLASH_CACHE DEFAULT CELL_FLASH_CACHE DEFAULT)
  TABLESPACE "USERS" ;
--------------------------------------------------------
--  DDL for Table TIPOSER
--------------------------------------------------------

  CREATE TABLE "COFFEEJAVA"."TIPOSER" 
   (	"IDTIP" NUMBER(*,0), 
	"NOMBRE" VARCHAR2(50 BYTE)
   ) SEGMENT CREATION IMMEDIATE 
  PCTFREE 10 PCTUSED 40 INITRANS 1 MAXTRANS 255 NOCOMPRESS LOGGING
  STORAGE(INITIAL 65536 NEXT 1048576 MINEXTENTS 1 MAXEXTENTS 2147483645
  PCTINCREASE 0 FREELISTS 1 FREELIST GROUPS 1 BUFFER_POOL DEFAULT FLASH_CACHE DEFAULT CELL_FLASH_CACHE DEFAULT)
  TABLESPACE "USERS" ;
--------------------------------------------------------
--  DDL for Table TRX
--------------------------------------------------------

  CREATE TABLE "COFFEEJAVA"."TRX" 
   (	"IDTRA" NUMBER(*,0), 
	"DESCRIPCION" VARCHAR2(50 BYTE), 
	"FECHACRE" DATE, 
	"FECHAPAGO" DATE, 
	"FECHAVEN" DATE, 
	"PRECIOTOTAL" NUMBER(*,0), 
	"ESTADOPAGO" CHAR(1 BYTE), 
	"PRO_RUTPRO" VARCHAR2(20 BYTE), 
	"CLIENTE_RUTCLI" VARCHAR2(20 BYTE)
   ) SEGMENT CREATION IMMEDIATE 
  PCTFREE 10 PCTUSED 40 INITRANS 1 MAXTRANS 255 NOCOMPRESS LOGGING
  STORAGE(INITIAL 65536 NEXT 1048576 MINEXTENTS 1 MAXEXTENTS 2147483645
  PCTINCREASE 0 FREELISTS 1 FREELIST GROUPS 1 BUFFER_POOL DEFAULT FLASH_CACHE DEFAULT CELL_FLASH_CACHE DEFAULT)
  TABLESPACE "USERS" ;
--------------------------------------------------------
--  DDL for Table USUARIO
--------------------------------------------------------

  CREATE TABLE "COFFEEJAVA"."USUARIO" 
   (	"IDUSU" NUMBER(*,0), 
	"NOMBRE" VARCHAR2(50 BYTE), 
	"CLAVE" VARCHAR2(20 BYTE), 
	"ESTADO" CHAR(1 BYTE)
   ) SEGMENT CREATION IMMEDIATE 
  PCTFREE 10 PCTUSED 40 INITRANS 1 MAXTRANS 255 NOCOMPRESS LOGGING
  STORAGE(INITIAL 65536 NEXT 1048576 MINEXTENTS 1 MAXEXTENTS 2147483645
  PCTINCREASE 0 FREELISTS 1 FREELIST GROUPS 1 BUFFER_POOL DEFAULT FLASH_CACHE DEFAULT CELL_FLASH_CACHE DEFAULT)
  TABLESPACE "USERS" ;
--------------------------------------------------------
--  DDL for Table USUARIOROL
--------------------------------------------------------

  CREATE TABLE "COFFEEJAVA"."USUARIOROL" 
   (	"USUARIO_IDUSU" NUMBER(*,0), 
	"ROL_IDROL" NUMBER(*,0)
   ) SEGMENT CREATION IMMEDIATE 
  PCTFREE 10 PCTUSED 40 INITRANS 1 MAXTRANS 255 NOCOMPRESS LOGGING
  STORAGE(INITIAL 65536 NEXT 1048576 MINEXTENTS 1 MAXEXTENTS 2147483645
  PCTINCREASE 0 FREELISTS 1 FREELIST GROUPS 1 BUFFER_POOL DEFAULT FLASH_CACHE DEFAULT CELL_FLASH_CACHE DEFAULT)
  TABLESPACE "USERS" ;
REM INSERTING into COFFEEJAVA.ACCIDENTE
SET DEFINE OFF;
Insert into COFFEEJAVA.ACCIDENTE (IDACC,FECHA,DETALLE,CLIENTE_RUTCLI) values ('2',to_date('04/07/20','DD/MM/RR'),'reskilling 1','111-1');
Insert into COFFEEJAVA.ACCIDENTE (IDACC,FECHA,DETALLE,CLIENTE_RUTCLI) values ('3',to_date('04/07/20','DD/MM/RR'),'Reskilling parte2','111-1');
Insert into COFFEEJAVA.ACCIDENTE (IDACC,FECHA,DETALLE,CLIENTE_RUTCLI) values ('6',to_date('04/07/20','DD/MM/RR'),'choque de aviones en Lost','111-1');
Insert into COFFEEJAVA.ACCIDENTE (IDACC,FECHA,DETALLE,CLIENTE_RUTCLI) values ('1',to_date('03/07/20','DD/MM/RR'),'Choco camion de coca cola en carretera 5 sur, rancagua','111-1');
REM INSERTING into COFFEEJAVA.CLIENTE
SET DEFINE OFF;
Insert into COFFEEJAVA.CLIENTE (RUTCLI,RAZONSOCIAL,DIRECCION,CIUDAD,RUBRO,TELEFONO,EMAIL,ESTADOCLIENTE,OBSERVACIONES,FECHACREAC,EMP_RUTEMP,USUARIO_IDUSU) values ('222-2','Empresa Alimentos','Campos #340','Santiago','Alimentos','+569 495498232','soporte@alimentos.cl','A','Empresa Alimentos',to_date('04/02/20','DD/MM/RR'),'777-7',null);
REM INSERTING into COFFEEJAVA.DETTRX
SET DEFINE OFF;
REM INSERTING into COFFEEJAVA.EMP
SET DEFINE OFF;
Insert into COFFEEJAVA.EMP (RUTEMP,RAZONSOCIAL,DIRECCION,CIUDAD,TELEFONO,EMAIL,TIPO,USUARIO_IDUSU) values ('777-7','ACHS','Estado 77','Rancagua','722200000','admin@achs.cl','Prevencion de Riesgo','1');
REM INSERTING into COFFEEJAVA.MENU
SET DEFINE OFF;
Insert into COFFEEJAVA.MENU (IDMEN,NOMBRE,URL) values ('1','admin','admin.jsp');
Insert into COFFEEJAVA.MENU (IDMEN,NOMBRE,URL) values ('2','cliente','cliente.jsp');
Insert into COFFEEJAVA.MENU (IDMEN,NOMBRE,URL) values ('3','profesional','profesional.jsp');
REM INSERTING into COFFEEJAVA.MENUROL
SET DEFINE OFF;
Insert into COFFEEJAVA.MENUROL (MENU_IDMEN,ROL_IDROL) values ('1','1');
Insert into COFFEEJAVA.MENUROL (MENU_IDMEN,ROL_IDROL) values ('2','2');
Insert into COFFEEJAVA.MENUROL (MENU_IDMEN,ROL_IDROL) values ('3','3');
REM INSERTING into COFFEEJAVA.PRO
SET DEFINE OFF;
Insert into COFFEEJAVA.PRO (RUTPRO,NOMBRE,CARGO,EMP_RUTEMP,USUARIO_IDUSU) values ('11.111.111-1','Pedro Gonzalez','Prevencionista de Riesgo','777-7','3');
Insert into COFFEEJAVA.PRO (RUTPRO,NOMBRE,CARGO,EMP_RUTEMP,USUARIO_IDUSU) values ('12.222.222-2','Juan Perez','Prevencionista de Riesgo','777-7',null);
Insert into COFFEEJAVA.PRO (RUTPRO,NOMBRE,CARGO,EMP_RUTEMP,USUARIO_IDUSU) values ('13.333.333-3','Maria Casas','Asistente Prevencionista','777-7',null);
REM INSERTING into COFFEEJAVA.ROL
SET DEFINE OFF;
Insert into COFFEEJAVA.ROL (IDROL,NOMBRE) values ('1','admin');
Insert into COFFEEJAVA.ROL (IDROL,NOMBRE) values ('2','cliente');
Insert into COFFEEJAVA.ROL (IDROL,NOMBRE) values ('3','profesional');
REM INSERTING into COFFEEJAVA.SERVICIO
SET DEFINE OFF;
Insert into COFFEEJAVA.SERVICIO (IDSER,NOMBRE,VALOR,TIPOSER_IDTIP) values ('1','plan mensual','15000','1');
Insert into COFFEEJAVA.SERVICIO (IDSER,NOMBRE,VALOR,TIPOSER_IDTIP) values ('2','plan anual','150000','1');
Insert into COFFEEJAVA.SERVICIO (IDSER,NOMBRE,VALOR,TIPOSER_IDTIP) values ('3','plan mensual','10000','2');
Insert into COFFEEJAVA.SERVICIO (IDSER,NOMBRE,VALOR,TIPOSER_IDTIP) values ('4','plan anual','80000','2');
Insert into COFFEEJAVA.SERVICIO (IDSER,NOMBRE,VALOR,TIPOSER_IDTIP) values ('5','Asesoria Normal mensual','20000','3');
Insert into COFFEEJAVA.SERVICIO (IDSER,NOMBRE,VALOR,TIPOSER_IDTIP) values ('6','Asesoria Especial','25000','3');
Insert into COFFEEJAVA.SERVICIO (IDSER,NOMBRE,VALOR,TIPOSER_IDTIP) values ('7','Fuera de horario 0 a 30 min','2000','4');
Insert into COFFEEJAVA.SERVICIO (IDSER,NOMBRE,VALOR,TIPOSER_IDTIP) values ('8','Fuera de horario 30 a 45 min','5000','4');
Insert into COFFEEJAVA.SERVICIO (IDSER,NOMBRE,VALOR,TIPOSER_IDTIP) values ('9','Fuera de horario 45 a 60 min','8000','4');
Insert into COFFEEJAVA.SERVICIO (IDSER,NOMBRE,VALOR,TIPOSER_IDTIP) values ('10','Fuera de horario 60 a xx min','10000','4');
REM INSERTING into COFFEEJAVA.TIPOSER
SET DEFINE OFF;
Insert into COFFEEJAVA.TIPOSER (IDTIP,NOMBRE) values ('1','Visita');
Insert into COFFEEJAVA.TIPOSER (IDTIP,NOMBRE) values ('2','Capacitacion');
Insert into COFFEEJAVA.TIPOSER (IDTIP,NOMBRE) values ('3','Asesoria');
Insert into COFFEEJAVA.TIPOSER (IDTIP,NOMBRE) values ('4','Mesa de Ayuda');
REM INSERTING into COFFEEJAVA.TRX
SET DEFINE OFF;
REM INSERTING into COFFEEJAVA.USUARIO
SET DEFINE OFF;
Insert into COFFEEJAVA.USUARIO (IDUSU,NOMBRE,CLAVE,ESTADO) values ('1','admin','admin123','a');
Insert into COFFEEJAVA.USUARIO (IDUSU,NOMBRE,CLAVE,ESTADO) values ('2','cocacola','cocacola123','a');
Insert into COFFEEJAVA.USUARIO (IDUSU,NOMBRE,CLAVE,ESTADO) values ('3','pgonzalez','pgonzalez123','a');
REM INSERTING into COFFEEJAVA.USUARIOROL
SET DEFINE OFF;
Insert into COFFEEJAVA.USUARIOROL (USUARIO_IDUSU,ROL_IDROL) values ('1','1');
Insert into COFFEEJAVA.USUARIOROL (USUARIO_IDUSU,ROL_IDROL) values ('2','2');
Insert into COFFEEJAVA.USUARIOROL (USUARIO_IDUSU,ROL_IDROL) values ('3','3');
--------------------------------------------------------
--  DDL for Index ACCIDENTE_PK
--------------------------------------------------------

  CREATE UNIQUE INDEX "COFFEEJAVA"."ACCIDENTE_PK" ON "COFFEEJAVA"."ACCIDENTE" ("IDACC") 
  PCTFREE 10 INITRANS 2 MAXTRANS 255 COMPUTE STATISTICS 
  STORAGE(INITIAL 65536 NEXT 1048576 MINEXTENTS 1 MAXEXTENTS 2147483645
  PCTINCREASE 0 FREELISTS 1 FREELIST GROUPS 1 BUFFER_POOL DEFAULT FLASH_CACHE DEFAULT CELL_FLASH_CACHE DEFAULT)
  TABLESPACE "USERS" ;
--------------------------------------------------------
--  DDL for Index CLIENTE__IDX
--------------------------------------------------------

  CREATE UNIQUE INDEX "COFFEEJAVA"."CLIENTE__IDX" ON "COFFEEJAVA"."CLIENTE" ("USUARIO_IDUSU") 
  PCTFREE 10 INITRANS 2 MAXTRANS 255 COMPUTE STATISTICS 
  STORAGE(INITIAL 65536 NEXT 1048576 MINEXTENTS 1 MAXEXTENTS 2147483645
  PCTINCREASE 0 FREELISTS 1 FREELIST GROUPS 1 BUFFER_POOL DEFAULT FLASH_CACHE DEFAULT CELL_FLASH_CACHE DEFAULT)
  TABLESPACE "USERS" ;
--------------------------------------------------------
--  DDL for Index CLIENTE_PK
--------------------------------------------------------

  CREATE UNIQUE INDEX "COFFEEJAVA"."CLIENTE_PK" ON "COFFEEJAVA"."CLIENTE" ("RUTCLI") 
  PCTFREE 10 INITRANS 2 MAXTRANS 255 COMPUTE STATISTICS 
  STORAGE(INITIAL 65536 NEXT 1048576 MINEXTENTS 1 MAXEXTENTS 2147483645
  PCTINCREASE 0 FREELISTS 1 FREELIST GROUPS 1 BUFFER_POOL DEFAULT FLASH_CACHE DEFAULT CELL_FLASH_CACHE DEFAULT)
  TABLESPACE "USERS" ;
--------------------------------------------------------
--  DDL for Index DETTRX_PK
--------------------------------------------------------

  CREATE UNIQUE INDEX "COFFEEJAVA"."DETTRX_PK" ON "COFFEEJAVA"."DETTRX" ("IDDET") 
  PCTFREE 10 INITRANS 2 MAXTRANS 255 COMPUTE STATISTICS 
  STORAGE(INITIAL 65536 NEXT 1048576 MINEXTENTS 1 MAXEXTENTS 2147483645
  PCTINCREASE 0 FREELISTS 1 FREELIST GROUPS 1 BUFFER_POOL DEFAULT FLASH_CACHE DEFAULT CELL_FLASH_CACHE DEFAULT)
  TABLESPACE "USERS" ;
--------------------------------------------------------
--  DDL for Index EMP__IDX
--------------------------------------------------------

  CREATE UNIQUE INDEX "COFFEEJAVA"."EMP__IDX" ON "COFFEEJAVA"."EMP" ("USUARIO_IDUSU") 
  PCTFREE 10 INITRANS 2 MAXTRANS 255 COMPUTE STATISTICS 
  STORAGE(INITIAL 65536 NEXT 1048576 MINEXTENTS 1 MAXEXTENTS 2147483645
  PCTINCREASE 0 FREELISTS 1 FREELIST GROUPS 1 BUFFER_POOL DEFAULT FLASH_CACHE DEFAULT CELL_FLASH_CACHE DEFAULT)
  TABLESPACE "USERS" ;
--------------------------------------------------------
--  DDL for Index EMP_PK
--------------------------------------------------------

  CREATE UNIQUE INDEX "COFFEEJAVA"."EMP_PK" ON "COFFEEJAVA"."EMP" ("RUTEMP") 
  PCTFREE 10 INITRANS 2 MAXTRANS 255 COMPUTE STATISTICS 
  STORAGE(INITIAL 65536 NEXT 1048576 MINEXTENTS 1 MAXEXTENTS 2147483645
  PCTINCREASE 0 FREELISTS 1 FREELIST GROUPS 1 BUFFER_POOL DEFAULT FLASH_CACHE DEFAULT CELL_FLASH_CACHE DEFAULT)
  TABLESPACE "USERS" ;
--------------------------------------------------------
--  DDL for Index MENU_PK
--------------------------------------------------------

  CREATE UNIQUE INDEX "COFFEEJAVA"."MENU_PK" ON "COFFEEJAVA"."MENU" ("IDMEN") 
  PCTFREE 10 INITRANS 2 MAXTRANS 255 COMPUTE STATISTICS 
  STORAGE(INITIAL 65536 NEXT 1048576 MINEXTENTS 1 MAXEXTENTS 2147483645
  PCTINCREASE 0 FREELISTS 1 FREELIST GROUPS 1 BUFFER_POOL DEFAULT FLASH_CACHE DEFAULT CELL_FLASH_CACHE DEFAULT)
  TABLESPACE "USERS" ;
--------------------------------------------------------
--  DDL for Index MENUROL_PK
--------------------------------------------------------

  CREATE UNIQUE INDEX "COFFEEJAVA"."MENUROL_PK" ON "COFFEEJAVA"."MENUROL" ("MENU_IDMEN", "ROL_IDROL") 
  PCTFREE 10 INITRANS 2 MAXTRANS 255 COMPUTE STATISTICS 
  STORAGE(INITIAL 65536 NEXT 1048576 MINEXTENTS 1 MAXEXTENTS 2147483645
  PCTINCREASE 0 FREELISTS 1 FREELIST GROUPS 1 BUFFER_POOL DEFAULT FLASH_CACHE DEFAULT CELL_FLASH_CACHE DEFAULT)
  TABLESPACE "USERS" ;
--------------------------------------------------------
--  DDL for Index PRO__IDX
--------------------------------------------------------

  CREATE UNIQUE INDEX "COFFEEJAVA"."PRO__IDX" ON "COFFEEJAVA"."PRO" ("USUARIO_IDUSU") 
  PCTFREE 10 INITRANS 2 MAXTRANS 255 COMPUTE STATISTICS 
  STORAGE(INITIAL 65536 NEXT 1048576 MINEXTENTS 1 MAXEXTENTS 2147483645
  PCTINCREASE 0 FREELISTS 1 FREELIST GROUPS 1 BUFFER_POOL DEFAULT FLASH_CACHE DEFAULT CELL_FLASH_CACHE DEFAULT)
  TABLESPACE "USERS" ;
--------------------------------------------------------
--  DDL for Index PRO_PK
--------------------------------------------------------

  CREATE UNIQUE INDEX "COFFEEJAVA"."PRO_PK" ON "COFFEEJAVA"."PRO" ("RUTPRO") 
  PCTFREE 10 INITRANS 2 MAXTRANS 255 COMPUTE STATISTICS 
  STORAGE(INITIAL 65536 NEXT 1048576 MINEXTENTS 1 MAXEXTENTS 2147483645
  PCTINCREASE 0 FREELISTS 1 FREELIST GROUPS 1 BUFFER_POOL DEFAULT FLASH_CACHE DEFAULT CELL_FLASH_CACHE DEFAULT)
  TABLESPACE "USERS" ;
--------------------------------------------------------
--  DDL for Index ROL_PK
--------------------------------------------------------

  CREATE UNIQUE INDEX "COFFEEJAVA"."ROL_PK" ON "COFFEEJAVA"."ROL" ("IDROL") 
  PCTFREE 10 INITRANS 2 MAXTRANS 255 COMPUTE STATISTICS 
  STORAGE(INITIAL 65536 NEXT 1048576 MINEXTENTS 1 MAXEXTENTS 2147483645
  PCTINCREASE 0 FREELISTS 1 FREELIST GROUPS 1 BUFFER_POOL DEFAULT FLASH_CACHE DEFAULT CELL_FLASH_CACHE DEFAULT)
  TABLESPACE "USERS" ;
--------------------------------------------------------
--  DDL for Index SERVICIO_PK
--------------------------------------------------------

  CREATE UNIQUE INDEX "COFFEEJAVA"."SERVICIO_PK" ON "COFFEEJAVA"."SERVICIO" ("IDSER") 
  PCTFREE 10 INITRANS 2 MAXTRANS 255 COMPUTE STATISTICS 
  STORAGE(INITIAL 65536 NEXT 1048576 MINEXTENTS 1 MAXEXTENTS 2147483645
  PCTINCREASE 0 FREELISTS 1 FREELIST GROUPS 1 BUFFER_POOL DEFAULT FLASH_CACHE DEFAULT CELL_FLASH_CACHE DEFAULT)
  TABLESPACE "USERS" ;
--------------------------------------------------------
--  DDL for Index TIPOSER_PK
--------------------------------------------------------

  CREATE UNIQUE INDEX "COFFEEJAVA"."TIPOSER_PK" ON "COFFEEJAVA"."TIPOSER" ("IDTIP") 
  PCTFREE 10 INITRANS 2 MAXTRANS 255 COMPUTE STATISTICS 
  STORAGE(INITIAL 65536 NEXT 1048576 MINEXTENTS 1 MAXEXTENTS 2147483645
  PCTINCREASE 0 FREELISTS 1 FREELIST GROUPS 1 BUFFER_POOL DEFAULT FLASH_CACHE DEFAULT CELL_FLASH_CACHE DEFAULT)
  TABLESPACE "USERS" ;
--------------------------------------------------------
--  DDL for Index TRX_PK
--------------------------------------------------------

  CREATE UNIQUE INDEX "COFFEEJAVA"."TRX_PK" ON "COFFEEJAVA"."TRX" ("IDTRA") 
  PCTFREE 10 INITRANS 2 MAXTRANS 255 COMPUTE STATISTICS 
  STORAGE(INITIAL 65536 NEXT 1048576 MINEXTENTS 1 MAXEXTENTS 2147483645
  PCTINCREASE 0 FREELISTS 1 FREELIST GROUPS 1 BUFFER_POOL DEFAULT FLASH_CACHE DEFAULT CELL_FLASH_CACHE DEFAULT)
  TABLESPACE "USERS" ;
--------------------------------------------------------
--  DDL for Index USUARIO_PK
--------------------------------------------------------

  CREATE UNIQUE INDEX "COFFEEJAVA"."USUARIO_PK" ON "COFFEEJAVA"."USUARIO" ("IDUSU") 
  PCTFREE 10 INITRANS 2 MAXTRANS 255 COMPUTE STATISTICS 
  STORAGE(INITIAL 65536 NEXT 1048576 MINEXTENTS 1 MAXEXTENTS 2147483645
  PCTINCREASE 0 FREELISTS 1 FREELIST GROUPS 1 BUFFER_POOL DEFAULT FLASH_CACHE DEFAULT CELL_FLASH_CACHE DEFAULT)
  TABLESPACE "USERS" ;
--------------------------------------------------------
--  DDL for Index USUARIOROL_PK
--------------------------------------------------------

  CREATE UNIQUE INDEX "COFFEEJAVA"."USUARIOROL_PK" ON "COFFEEJAVA"."USUARIOROL" ("USUARIO_IDUSU", "ROL_IDROL") 
  PCTFREE 10 INITRANS 2 MAXTRANS 255 COMPUTE STATISTICS 
  STORAGE(INITIAL 65536 NEXT 1048576 MINEXTENTS 1 MAXEXTENTS 2147483645
  PCTINCREASE 0 FREELISTS 1 FREELIST GROUPS 1 BUFFER_POOL DEFAULT FLASH_CACHE DEFAULT CELL_FLASH_CACHE DEFAULT)
  TABLESPACE "USERS" ;
--------------------------------------------------------
--  DDL for Trigger ACCIDENTE_TRG
--------------------------------------------------------

  CREATE OR REPLACE TRIGGER "COFFEEJAVA"."ACCIDENTE_TRG" 
BEFORE INSERT ON ACCIDENTE 
FOR EACH ROW 
BEGIN
  <<COLUMN_SEQUENCES>>
  BEGIN
    IF INSERTING AND :NEW.IDACC IS NULL THEN
      SELECT ACCIDENTE_SEQ6.NEXTVAL INTO :NEW.IDACC FROM SYS.DUAL;
    END IF;
  END COLUMN_SEQUENCES;
END;

/
ALTER TRIGGER "COFFEEJAVA"."ACCIDENTE_TRG" ENABLE;
--------------------------------------------------------
--  DDL for Trigger DETTRX_TRG
--------------------------------------------------------

  CREATE OR REPLACE TRIGGER "COFFEEJAVA"."DETTRX_TRG" 
BEFORE INSERT ON DETTRX 
FOR EACH ROW 
BEGIN
  <<COLUMN_SEQUENCES>>
  BEGIN
    IF INSERTING AND :NEW.IDDET IS NULL THEN
      SELECT DETTRX_SEQ3.NEXTVAL INTO :NEW.IDDET FROM SYS.DUAL;
    END IF;
  END COLUMN_SEQUENCES;
END;

/
ALTER TRIGGER "COFFEEJAVA"."DETTRX_TRG" ENABLE;
--------------------------------------------------------
--  DDL for Trigger MENU_TRG
--------------------------------------------------------

  CREATE OR REPLACE TRIGGER "COFFEEJAVA"."MENU_TRG" 
BEFORE INSERT ON MENU 
FOR EACH ROW 
BEGIN
  <<COLUMN_SEQUENCES>>
  BEGIN
    IF INSERTING AND :NEW.IDMEN IS NULL THEN
      SELECT MENU_SEQ3.NEXTVAL INTO :NEW.IDMEN FROM SYS.DUAL;
    END IF;
  END COLUMN_SEQUENCES;
END;

/
ALTER TRIGGER "COFFEEJAVA"."MENU_TRG" ENABLE;
--------------------------------------------------------
--  DDL for Trigger ROL_TRG
--------------------------------------------------------

  CREATE OR REPLACE TRIGGER "COFFEEJAVA"."ROL_TRG" 
BEFORE INSERT ON ROL 
FOR EACH ROW 
BEGIN
  <<COLUMN_SEQUENCES>>
  BEGIN
    IF INSERTING AND :NEW.IDROL IS NULL THEN
      SELECT ROL_SEQ1.NEXTVAL INTO :NEW.IDROL FROM SYS.DUAL;
    END IF;
  END COLUMN_SEQUENCES;
END;

/
ALTER TRIGGER "COFFEEJAVA"."ROL_TRG" ENABLE;
--------------------------------------------------------
--  DDL for Trigger SERVICIO_TRG
--------------------------------------------------------

  CREATE OR REPLACE TRIGGER "COFFEEJAVA"."SERVICIO_TRG" 
BEFORE INSERT ON SERVICIO 
FOR EACH ROW 
BEGIN
  <<COLUMN_SEQUENCES>>
  BEGIN
    IF INSERTING AND :NEW.IDSER IS NULL THEN
      SELECT SERVICIO_SEQ3.NEXTVAL INTO :NEW.IDSER FROM SYS.DUAL;
    END IF;
  END COLUMN_SEQUENCES;
END;

/
ALTER TRIGGER "COFFEEJAVA"."SERVICIO_TRG" ENABLE;
--------------------------------------------------------
--  DDL for Trigger TIPOSER_TRG
--------------------------------------------------------

  CREATE OR REPLACE TRIGGER "COFFEEJAVA"."TIPOSER_TRG" 
BEFORE INSERT ON TIPOSER 
FOR EACH ROW 
BEGIN
  <<COLUMN_SEQUENCES>>
  BEGIN
    IF INSERTING AND :NEW.IDTIP IS NULL THEN
      SELECT TIPOSER_SEQ4.NEXTVAL INTO :NEW.IDTIP FROM SYS.DUAL;
    END IF;
  END COLUMN_SEQUENCES;
END;

/
ALTER TRIGGER "COFFEEJAVA"."TIPOSER_TRG" ENABLE;
--------------------------------------------------------
--  DDL for Trigger TRX_TRG
--------------------------------------------------------

  CREATE OR REPLACE TRIGGER "COFFEEJAVA"."TRX_TRG" 
BEFORE INSERT ON TRX 
FOR EACH ROW 
BEGIN
  <<COLUMN_SEQUENCES>>
  BEGIN
    IF INSERTING AND :NEW.IDTRA IS NULL THEN
      SELECT TRX_SEQ3.NEXTVAL INTO :NEW.IDTRA FROM SYS.DUAL;
    END IF;
  END COLUMN_SEQUENCES;
END;

/
ALTER TRIGGER "COFFEEJAVA"."TRX_TRG" ENABLE;
--------------------------------------------------------
--  DDL for Trigger USUARIO_TRG
--------------------------------------------------------

  CREATE OR REPLACE TRIGGER "COFFEEJAVA"."USUARIO_TRG" 
BEFORE INSERT ON USUARIO 
FOR EACH ROW 
BEGIN
  <<COLUMN_SEQUENCES>>
  BEGIN
    IF INSERTING AND :NEW.IDUSU IS NULL THEN
      SELECT USUARIO_SEQ3.NEXTVAL INTO :NEW.IDUSU FROM SYS.DUAL;
    END IF;
  END COLUMN_SEQUENCES;
END;

/
ALTER TRIGGER "COFFEEJAVA"."USUARIO_TRG" ENABLE;
--------------------------------------------------------
--  Constraints for Table ACCIDENTE
--------------------------------------------------------

  ALTER TABLE "COFFEEJAVA"."ACCIDENTE" MODIFY ("IDACC" NOT NULL ENABLE);
  ALTER TABLE "COFFEEJAVA"."ACCIDENTE" MODIFY ("FECHA" NOT NULL ENABLE);
  ALTER TABLE "COFFEEJAVA"."ACCIDENTE" MODIFY ("DETALLE" NOT NULL ENABLE);
  ALTER TABLE "COFFEEJAVA"."ACCIDENTE" MODIFY ("CLIENTE_RUTCLI" NOT NULL ENABLE);
  ALTER TABLE "COFFEEJAVA"."ACCIDENTE" ADD CONSTRAINT "ACCIDENTE_PK" PRIMARY KEY ("IDACC")
  USING INDEX PCTFREE 10 INITRANS 2 MAXTRANS 255 COMPUTE STATISTICS 
  STORAGE(INITIAL 65536 NEXT 1048576 MINEXTENTS 1 MAXEXTENTS 2147483645
  PCTINCREASE 0 FREELISTS 1 FREELIST GROUPS 1 BUFFER_POOL DEFAULT FLASH_CACHE DEFAULT CELL_FLASH_CACHE DEFAULT)
  TABLESPACE "USERS"  ENABLE;
--------------------------------------------------------
--  Constraints for Table CLIENTE
--------------------------------------------------------

  ALTER TABLE "COFFEEJAVA"."CLIENTE" MODIFY ("RUTCLI" NOT NULL ENABLE);
  ALTER TABLE "COFFEEJAVA"."CLIENTE" MODIFY ("RAZONSOCIAL" NOT NULL ENABLE);
  ALTER TABLE "COFFEEJAVA"."CLIENTE" MODIFY ("DIRECCION" NOT NULL ENABLE);
  ALTER TABLE "COFFEEJAVA"."CLIENTE" MODIFY ("CIUDAD" NOT NULL ENABLE);
  ALTER TABLE "COFFEEJAVA"."CLIENTE" MODIFY ("RUBRO" NOT NULL ENABLE);
  ALTER TABLE "COFFEEJAVA"."CLIENTE" MODIFY ("TELEFONO" NOT NULL ENABLE);
  ALTER TABLE "COFFEEJAVA"."CLIENTE" MODIFY ("EMAIL" NOT NULL ENABLE);
  ALTER TABLE "COFFEEJAVA"."CLIENTE" MODIFY ("ESTADOCLIENTE" NOT NULL ENABLE);
  ALTER TABLE "COFFEEJAVA"."CLIENTE" MODIFY ("OBSERVACIONES" NOT NULL ENABLE);
  ALTER TABLE "COFFEEJAVA"."CLIENTE" MODIFY ("FECHACREAC" NOT NULL ENABLE);
  ALTER TABLE "COFFEEJAVA"."CLIENTE" MODIFY ("EMP_RUTEMP" NOT NULL ENABLE);
  ALTER TABLE "COFFEEJAVA"."CLIENTE" ADD CONSTRAINT "CLIENTE_PK" PRIMARY KEY ("RUTCLI")
  USING INDEX PCTFREE 10 INITRANS 2 MAXTRANS 255 COMPUTE STATISTICS 
  STORAGE(INITIAL 65536 NEXT 1048576 MINEXTENTS 1 MAXEXTENTS 2147483645
  PCTINCREASE 0 FREELISTS 1 FREELIST GROUPS 1 BUFFER_POOL DEFAULT FLASH_CACHE DEFAULT CELL_FLASH_CACHE DEFAULT)
  TABLESPACE "USERS"  ENABLE;
--------------------------------------------------------
--  Constraints for Table DETTRX
--------------------------------------------------------

  ALTER TABLE "COFFEEJAVA"."DETTRX" ADD CONSTRAINT "DETTRX_PK" PRIMARY KEY ("IDDET")
  USING INDEX PCTFREE 10 INITRANS 2 MAXTRANS 255 COMPUTE STATISTICS 
  STORAGE(INITIAL 65536 NEXT 1048576 MINEXTENTS 1 MAXEXTENTS 2147483645
  PCTINCREASE 0 FREELISTS 1 FREELIST GROUPS 1 BUFFER_POOL DEFAULT FLASH_CACHE DEFAULT CELL_FLASH_CACHE DEFAULT)
  TABLESPACE "USERS"  ENABLE;
  ALTER TABLE "COFFEEJAVA"."DETTRX" MODIFY ("IDDET" NOT NULL ENABLE);
  ALTER TABLE "COFFEEJAVA"."DETTRX" MODIFY ("DESCRIPCION" NOT NULL ENABLE);
  ALTER TABLE "COFFEEJAVA"."DETTRX" MODIFY ("FECHASER" NOT NULL ENABLE);
  ALTER TABLE "COFFEEJAVA"."DETTRX" MODIFY ("PRECIOSER" NOT NULL ENABLE);
  ALTER TABLE "COFFEEJAVA"."DETTRX" MODIFY ("TRX_IDTRA" NOT NULL ENABLE);
  ALTER TABLE "COFFEEJAVA"."DETTRX" MODIFY ("SERVICIO_IDSER" NOT NULL ENABLE);
--------------------------------------------------------
--  Constraints for Table EMP
--------------------------------------------------------

  ALTER TABLE "COFFEEJAVA"."EMP" MODIFY ("RUTEMP" NOT NULL ENABLE);
  ALTER TABLE "COFFEEJAVA"."EMP" MODIFY ("RAZONSOCIAL" NOT NULL ENABLE);
  ALTER TABLE "COFFEEJAVA"."EMP" MODIFY ("DIRECCION" NOT NULL ENABLE);
  ALTER TABLE "COFFEEJAVA"."EMP" MODIFY ("CIUDAD" NOT NULL ENABLE);
  ALTER TABLE "COFFEEJAVA"."EMP" MODIFY ("TELEFONO" NOT NULL ENABLE);
  ALTER TABLE "COFFEEJAVA"."EMP" MODIFY ("EMAIL" NOT NULL ENABLE);
  ALTER TABLE "COFFEEJAVA"."EMP" MODIFY ("TIPO" NOT NULL ENABLE);
  ALTER TABLE "COFFEEJAVA"."EMP" ADD CONSTRAINT "EMP_PK" PRIMARY KEY ("RUTEMP")
  USING INDEX PCTFREE 10 INITRANS 2 MAXTRANS 255 COMPUTE STATISTICS 
  STORAGE(INITIAL 65536 NEXT 1048576 MINEXTENTS 1 MAXEXTENTS 2147483645
  PCTINCREASE 0 FREELISTS 1 FREELIST GROUPS 1 BUFFER_POOL DEFAULT FLASH_CACHE DEFAULT CELL_FLASH_CACHE DEFAULT)
  TABLESPACE "USERS"  ENABLE;
--------------------------------------------------------
--  Constraints for Table MENU
--------------------------------------------------------

  ALTER TABLE "COFFEEJAVA"."MENU" MODIFY ("IDMEN" NOT NULL ENABLE);
  ALTER TABLE "COFFEEJAVA"."MENU" MODIFY ("NOMBRE" NOT NULL ENABLE);
  ALTER TABLE "COFFEEJAVA"."MENU" MODIFY ("URL" NOT NULL ENABLE);
  ALTER TABLE "COFFEEJAVA"."MENU" ADD CONSTRAINT "MENU_PK" PRIMARY KEY ("IDMEN")
  USING INDEX PCTFREE 10 INITRANS 2 MAXTRANS 255 COMPUTE STATISTICS 
  STORAGE(INITIAL 65536 NEXT 1048576 MINEXTENTS 1 MAXEXTENTS 2147483645
  PCTINCREASE 0 FREELISTS 1 FREELIST GROUPS 1 BUFFER_POOL DEFAULT FLASH_CACHE DEFAULT CELL_FLASH_CACHE DEFAULT)
  TABLESPACE "USERS"  ENABLE;
--------------------------------------------------------
--  Constraints for Table MENUROL
--------------------------------------------------------

  ALTER TABLE "COFFEEJAVA"."MENUROL" MODIFY ("MENU_IDMEN" NOT NULL ENABLE);
  ALTER TABLE "COFFEEJAVA"."MENUROL" MODIFY ("ROL_IDROL" NOT NULL ENABLE);
  ALTER TABLE "COFFEEJAVA"."MENUROL" ADD CONSTRAINT "MENUROL_PK" PRIMARY KEY ("MENU_IDMEN", "ROL_IDROL")
  USING INDEX PCTFREE 10 INITRANS 2 MAXTRANS 255 COMPUTE STATISTICS 
  STORAGE(INITIAL 65536 NEXT 1048576 MINEXTENTS 1 MAXEXTENTS 2147483645
  PCTINCREASE 0 FREELISTS 1 FREELIST GROUPS 1 BUFFER_POOL DEFAULT FLASH_CACHE DEFAULT CELL_FLASH_CACHE DEFAULT)
  TABLESPACE "USERS"  ENABLE;
--------------------------------------------------------
--  Constraints for Table PRO
--------------------------------------------------------

  ALTER TABLE "COFFEEJAVA"."PRO" MODIFY ("RUTPRO" NOT NULL ENABLE);
  ALTER TABLE "COFFEEJAVA"."PRO" MODIFY ("NOMBRE" NOT NULL ENABLE);
  ALTER TABLE "COFFEEJAVA"."PRO" MODIFY ("CARGO" NOT NULL ENABLE);
  ALTER TABLE "COFFEEJAVA"."PRO" MODIFY ("EMP_RUTEMP" NOT NULL ENABLE);
  ALTER TABLE "COFFEEJAVA"."PRO" ADD CONSTRAINT "PRO_PK" PRIMARY KEY ("RUTPRO")
  USING INDEX PCTFREE 10 INITRANS 2 MAXTRANS 255 COMPUTE STATISTICS 
  STORAGE(INITIAL 65536 NEXT 1048576 MINEXTENTS 1 MAXEXTENTS 2147483645
  PCTINCREASE 0 FREELISTS 1 FREELIST GROUPS 1 BUFFER_POOL DEFAULT FLASH_CACHE DEFAULT CELL_FLASH_CACHE DEFAULT)
  TABLESPACE "USERS"  ENABLE;
--------------------------------------------------------
--  Constraints for Table ROL
--------------------------------------------------------

  ALTER TABLE "COFFEEJAVA"."ROL" MODIFY ("IDROL" NOT NULL ENABLE);
  ALTER TABLE "COFFEEJAVA"."ROL" MODIFY ("NOMBRE" NOT NULL ENABLE);
  ALTER TABLE "COFFEEJAVA"."ROL" ADD CONSTRAINT "ROL_PK" PRIMARY KEY ("IDROL")
  USING INDEX PCTFREE 10 INITRANS 2 MAXTRANS 255 COMPUTE STATISTICS 
  STORAGE(INITIAL 65536 NEXT 1048576 MINEXTENTS 1 MAXEXTENTS 2147483645
  PCTINCREASE 0 FREELISTS 1 FREELIST GROUPS 1 BUFFER_POOL DEFAULT FLASH_CACHE DEFAULT CELL_FLASH_CACHE DEFAULT)
  TABLESPACE "USERS"  ENABLE;
--------------------------------------------------------
--  Constraints for Table SERVICIO
--------------------------------------------------------

  ALTER TABLE "COFFEEJAVA"."SERVICIO" MODIFY ("IDSER" NOT NULL ENABLE);
  ALTER TABLE "COFFEEJAVA"."SERVICIO" MODIFY ("NOMBRE" NOT NULL ENABLE);
  ALTER TABLE "COFFEEJAVA"."SERVICIO" MODIFY ("VALOR" NOT NULL ENABLE);
  ALTER TABLE "COFFEEJAVA"."SERVICIO" MODIFY ("TIPOSER_IDTIP" NOT NULL ENABLE);
  ALTER TABLE "COFFEEJAVA"."SERVICIO" ADD CONSTRAINT "SERVICIO_PK" PRIMARY KEY ("IDSER")
  USING INDEX PCTFREE 10 INITRANS 2 MAXTRANS 255 COMPUTE STATISTICS 
  STORAGE(INITIAL 65536 NEXT 1048576 MINEXTENTS 1 MAXEXTENTS 2147483645
  PCTINCREASE 0 FREELISTS 1 FREELIST GROUPS 1 BUFFER_POOL DEFAULT FLASH_CACHE DEFAULT CELL_FLASH_CACHE DEFAULT)
  TABLESPACE "USERS"  ENABLE;
--------------------------------------------------------
--  Constraints for Table TIPOSER
--------------------------------------------------------

  ALTER TABLE "COFFEEJAVA"."TIPOSER" MODIFY ("IDTIP" NOT NULL ENABLE);
  ALTER TABLE "COFFEEJAVA"."TIPOSER" MODIFY ("NOMBRE" NOT NULL ENABLE);
  ALTER TABLE "COFFEEJAVA"."TIPOSER" ADD CONSTRAINT "TIPOSER_PK" PRIMARY KEY ("IDTIP")
  USING INDEX PCTFREE 10 INITRANS 2 MAXTRANS 255 COMPUTE STATISTICS 
  STORAGE(INITIAL 65536 NEXT 1048576 MINEXTENTS 1 MAXEXTENTS 2147483645
  PCTINCREASE 0 FREELISTS 1 FREELIST GROUPS 1 BUFFER_POOL DEFAULT FLASH_CACHE DEFAULT CELL_FLASH_CACHE DEFAULT)
  TABLESPACE "USERS"  ENABLE;
--------------------------------------------------------
--  Constraints for Table TRX
--------------------------------------------------------

  ALTER TABLE "COFFEEJAVA"."TRX" MODIFY ("IDTRA" NOT NULL ENABLE);
  ALTER TABLE "COFFEEJAVA"."TRX" MODIFY ("DESCRIPCION" NOT NULL ENABLE);
  ALTER TABLE "COFFEEJAVA"."TRX" MODIFY ("FECHACRE" NOT NULL ENABLE);
  ALTER TABLE "COFFEEJAVA"."TRX" MODIFY ("ESTADOPAGO" NOT NULL ENABLE);
  ALTER TABLE "COFFEEJAVA"."TRX" MODIFY ("CLIENTE_RUTCLI" NOT NULL ENABLE);
  ALTER TABLE "COFFEEJAVA"."TRX" ADD CONSTRAINT "TRX_PK" PRIMARY KEY ("IDTRA")
  USING INDEX PCTFREE 10 INITRANS 2 MAXTRANS 255 COMPUTE STATISTICS 
  STORAGE(INITIAL 65536 NEXT 1048576 MINEXTENTS 1 MAXEXTENTS 2147483645
  PCTINCREASE 0 FREELISTS 1 FREELIST GROUPS 1 BUFFER_POOL DEFAULT FLASH_CACHE DEFAULT CELL_FLASH_CACHE DEFAULT)
  TABLESPACE "USERS"  ENABLE;
--------------------------------------------------------
--  Constraints for Table USUARIO
--------------------------------------------------------

  ALTER TABLE "COFFEEJAVA"."USUARIO" MODIFY ("IDUSU" NOT NULL ENABLE);
  ALTER TABLE "COFFEEJAVA"."USUARIO" MODIFY ("NOMBRE" NOT NULL ENABLE);
  ALTER TABLE "COFFEEJAVA"."USUARIO" MODIFY ("CLAVE" NOT NULL ENABLE);
  ALTER TABLE "COFFEEJAVA"."USUARIO" MODIFY ("ESTADO" NOT NULL ENABLE);
  ALTER TABLE "COFFEEJAVA"."USUARIO" ADD CONSTRAINT "USUARIO_PK" PRIMARY KEY ("IDUSU")
  USING INDEX PCTFREE 10 INITRANS 2 MAXTRANS 255 COMPUTE STATISTICS 
  STORAGE(INITIAL 65536 NEXT 1048576 MINEXTENTS 1 MAXEXTENTS 2147483645
  PCTINCREASE 0 FREELISTS 1 FREELIST GROUPS 1 BUFFER_POOL DEFAULT FLASH_CACHE DEFAULT CELL_FLASH_CACHE DEFAULT)
  TABLESPACE "USERS"  ENABLE;
--------------------------------------------------------
--  Constraints for Table USUARIOROL
--------------------------------------------------------

  ALTER TABLE "COFFEEJAVA"."USUARIOROL" MODIFY ("USUARIO_IDUSU" NOT NULL ENABLE);
  ALTER TABLE "COFFEEJAVA"."USUARIOROL" MODIFY ("ROL_IDROL" NOT NULL ENABLE);
  ALTER TABLE "COFFEEJAVA"."USUARIOROL" ADD CONSTRAINT "USUARIOROL_PK" PRIMARY KEY ("USUARIO_IDUSU", "ROL_IDROL")
  USING INDEX PCTFREE 10 INITRANS 2 MAXTRANS 255 COMPUTE STATISTICS 
  STORAGE(INITIAL 65536 NEXT 1048576 MINEXTENTS 1 MAXEXTENTS 2147483645
  PCTINCREASE 0 FREELISTS 1 FREELIST GROUPS 1 BUFFER_POOL DEFAULT FLASH_CACHE DEFAULT CELL_FLASH_CACHE DEFAULT)
  TABLESPACE "USERS"  ENABLE;
--------------------------------------------------------
--  Ref Constraints for Table CLIENTE
--------------------------------------------------------

  ALTER TABLE "COFFEEJAVA"."CLIENTE" ADD CONSTRAINT "CLIENTE_EMP_FK" FOREIGN KEY ("EMP_RUTEMP")
	  REFERENCES "COFFEEJAVA"."EMP" ("RUTEMP") ENABLE;
  ALTER TABLE "COFFEEJAVA"."CLIENTE" ADD CONSTRAINT "CLIENTE_USUARIO_FK" FOREIGN KEY ("USUARIO_IDUSU")
	  REFERENCES "COFFEEJAVA"."USUARIO" ("IDUSU") ENABLE;
--------------------------------------------------------
--  Ref Constraints for Table DETTRX
--------------------------------------------------------

  ALTER TABLE "COFFEEJAVA"."DETTRX" ADD CONSTRAINT "DETTRX_SERVICIO_FK" FOREIGN KEY ("SERVICIO_IDSER")
	  REFERENCES "COFFEEJAVA"."SERVICIO" ("IDSER") ENABLE;
  ALTER TABLE "COFFEEJAVA"."DETTRX" ADD CONSTRAINT "DETTRX_TRX_FK" FOREIGN KEY ("TRX_IDTRA")
	  REFERENCES "COFFEEJAVA"."TRX" ("IDTRA") ENABLE;
--------------------------------------------------------
--  Ref Constraints for Table EMP
--------------------------------------------------------

  ALTER TABLE "COFFEEJAVA"."EMP" ADD CONSTRAINT "EMP_USUARIO_FK" FOREIGN KEY ("USUARIO_IDUSU")
	  REFERENCES "COFFEEJAVA"."USUARIO" ("IDUSU") ENABLE;
--------------------------------------------------------
--  Ref Constraints for Table MENUROL
--------------------------------------------------------

  ALTER TABLE "COFFEEJAVA"."MENUROL" ADD CONSTRAINT "MENUROL_MENU_FK" FOREIGN KEY ("MENU_IDMEN")
	  REFERENCES "COFFEEJAVA"."MENU" ("IDMEN") ENABLE;
  ALTER TABLE "COFFEEJAVA"."MENUROL" ADD CONSTRAINT "MENUROL_ROL_FK" FOREIGN KEY ("ROL_IDROL")
	  REFERENCES "COFFEEJAVA"."ROL" ("IDROL") ENABLE;
--------------------------------------------------------
--  Ref Constraints for Table PRO
--------------------------------------------------------

  ALTER TABLE "COFFEEJAVA"."PRO" ADD CONSTRAINT "PRO_EMP_FK" FOREIGN KEY ("EMP_RUTEMP")
	  REFERENCES "COFFEEJAVA"."EMP" ("RUTEMP") ENABLE;
  ALTER TABLE "COFFEEJAVA"."PRO" ADD CONSTRAINT "PRO_USUARIO_FK" FOREIGN KEY ("USUARIO_IDUSU")
	  REFERENCES "COFFEEJAVA"."USUARIO" ("IDUSU") ENABLE;
--------------------------------------------------------
--  Ref Constraints for Table SERVICIO
--------------------------------------------------------

  ALTER TABLE "COFFEEJAVA"."SERVICIO" ADD CONSTRAINT "SERVICIO_TIPOSER_FK" FOREIGN KEY ("TIPOSER_IDTIP")
	  REFERENCES "COFFEEJAVA"."TIPOSER" ("IDTIP") ENABLE;
--------------------------------------------------------
--  Ref Constraints for Table TRX
--------------------------------------------------------

  ALTER TABLE "COFFEEJAVA"."TRX" ADD CONSTRAINT "TRX_PRO_FK" FOREIGN KEY ("PRO_RUTPRO")
	  REFERENCES "COFFEEJAVA"."PRO" ("RUTPRO") ENABLE;
--------------------------------------------------------
--  Ref Constraints for Table USUARIOROL
--------------------------------------------------------

  ALTER TABLE "COFFEEJAVA"."USUARIOROL" ADD CONSTRAINT "USUARIOROL_ROL_FK" FOREIGN KEY ("ROL_IDROL")
	  REFERENCES "COFFEEJAVA"."ROL" ("IDROL") ENABLE;
  ALTER TABLE "COFFEEJAVA"."USUARIOROL" ADD CONSTRAINT "USUARIOROL_USUARIO_FK" FOREIGN KEY ("USUARIO_IDUSU")
	  REFERENCES "COFFEEJAVA"."USUARIO" ("IDUSU") ENABLE;
